{
  "annotations": {
    "list": [
      {
        "builtIn": 1,
        "datasource": "-- Grafana --",
        "enable": true,
        "hide": true,
        "iconColor": "rgba(0, 211, 255, 1)",
        "name": "Annotations & Alerts",
        "type": "dashboard"
      }
    ]
  },
  "description": "Show current firing and pending alerts, and  severity alert counts.",
  "editable": true,
  "gnetId": 4181,
  "graphTooltip": 0,
  "id": 41,
  "iteration": 1626927807361,
  "links": [],
  "panels": [
    {
      "collapsed": false,
      "datasource": "Prometheus",
      "gridPos": {
        "h": 1,
        "w": 24,
        "x": 0,
        "y": 0
      },
      "id": 10,
      "panels": [],
      "repeat": null,
      "title": "Severity",
      "type": "row"
    },
    {
      "cacheTimeout": null,
      "datasource": "$Datasource",
      "fieldConfig": {
        "defaults": {
          "color": {
            "mode": "thresholds"
          },
          "mappings": [],
          "thresholds": {
            "mode": "absolute",
            "steps": [
              {
                "color": "semi-dark-green",
                "value": null
              },
              {
                "color": "semi-dark-purple",
                "value": 1
              }
            ]
          },
          "unit": "none"
        },
        "overrides": []
      },
      "gridPos": {
        "h": 4,
        "w": 4,
        "x": 0,
        "y": 1
      },
      "id": 8,
      "interval": null,
      "links": [],
      "maxDataPoints": 100,
      "options": {
        "colorMode": "background",
        "graphMode": "none",
        "justifyMode": "auto",
        "orientation": "horizontal",
        "reduceOptions": {
          "calcs": ["mean"],
          "fields": "",
          "values": false
        },
        "text": {},
        "textMode": "auto"
      },
      "pluginVersion": "8.0.6",
      "targets": [
        {
          "exemplar": true,
          "expr": "count(ALERTS > 0) OR on() vector(0)",
          "format": "time_series",
          "instant": true,
          "interval": "",
          "intervalFactor": 2,
          "legendFormat": "",
          "refId": "A"
        }
      ],
      "title": "Total Alerts",
      "type": "stat"
    },
    {
      "cacheTimeout": null,
      "datasource": "$Datasource",
      "fieldConfig": {
        "defaults": {
          "color": {
            "mode": "thresholds"
          },
          "mappings": [],
          "thresholds": {
            "mode": "absolute",
            "steps": [
              {
                "color": "semi-dark-green",
                "value": null
              },
              {
                "color": "semi-dark-red",
                "value": 1
              }
            ]
          },
          "unit": "none"
        },
        "overrides": []
      },
      "gridPos": {
        "h": 4,
        "w": 5,
        "x": 4,
        "y": 1
      },
      "id": 2,
      "interval": null,
      "links": [],
      "maxDataPoints": 100,
      "options": {
        "colorMode": "background",
        "graphMode": "none",
        "justifyMode": "auto",
        "orientation": "horizontal",
        "reduceOptions": {
          "calcs": ["mean"],
          "fields": "",
          "values": false
        },
        "text": {},
        "textMode": "auto"
      },
      "pluginVersion": "8.0.6",
      "targets": [
        {
          "bucketAggs": [
            {
              "id": "2",
              "settings": {
                "interval": "auto",
                "min_doc_count": 0,
                "trimEdges": 0
              },
              "type": "date_histogram"
            }
          ],
          "dsType": "elasticsearch",
          "exemplar": true,
          "expr": "sum(ALERTS{alertstate=\"firing\",severity=\"critical\"} > 0) OR on() vector(0)",
          "format": "time_series",
          "instant": true,
          "interval": "",
          "intervalFactor": 2,
          "legendFormat": "",
          "metrics": [
            {
              "field": "select field",
              "id": "1",
              "type": "count"
            }
          ],
          "refId": "A"
        }
      ],
      "title": "Critical",
      "type": "stat"
    },
    {
      "cacheTimeout": null,
      "datasource": "$Datasource",
      "fieldConfig": {
        "defaults": {
          "color": {
            "mode": "thresholds"
          },
          "mappings": [],
          "thresholds": {
            "mode": "absolute",
            "steps": [
              {
                "color": "semi-dark-green",
                "value": null
              },
              {
                "color": "semi-dark-orange",
                "value": 1
              }
            ]
          },
          "unit": "none"
        },
        "overrides": []
      },
      "gridPos": {
        "h": 4,
        "w": 5,
        "x": 9,
        "y": 1
      },
      "id": 4,
      "interval": null,
      "links": [],
      "maxDataPoints": 100,
      "options": {
        "colorMode": "background",
        "graphMode": "none",
        "justifyMode": "auto",
        "orientation": "horizontal",
        "reduceOptions": {
          "calcs": ["mean"],
          "fields": "",
          "values": false
        },
        "text": {},
        "textMode": "auto"
      },
      "pluginVersion": "8.0.6",
      "targets": [
        {
          "exemplar": true,
          "expr": "sum(ALERTS{alertstate=\"firing\",severity=\"warning\"} > 0) OR on() vector(0)",
          "format": "time_series",
          "instant": true,
          "interval": "",
          "intervalFactor": 2,
          "legendFormat": "",
          "refId": "A"
        }
      ],
      "title": "Warning",
      "type": "stat"
    },
    {
      "cacheTimeout": null,
      "datasource": "$Datasource",
      "fieldConfig": {
        "defaults": {
          "color": {
            "mode": "thresholds"
          },
          "mappings": [],
          "thresholds": {
            "mode": "absolute",
            "steps": [
              {
                "color": "semi-dark-green",
                "value": null
              },
              {
                "color": "semi-dark-blue",
                "value": 1
              }
            ]
          },
          "unit": "none"
        },
        "overrides": []
      },
      "gridPos": {
        "h": 4,
        "w": 5,
        "x": 14,
        "y": 1
      },
      "id": 5,
      "interval": null,
      "links": [],
      "maxDataPoints": 100,
      "options": {
        "colorMode": "background",
        "graphMode": "none",
        "justifyMode": "auto",
        "orientation": "horizontal",
        "reduceOptions": {
          "calcs": ["mean"],
          "fields": "",
          "values": false
        },
        "text": {},
        "textMode": "auto"
      },
      "pluginVersion": "8.0.6",
      "targets": [
        {
          "exemplar": true,
          "expr": "sum(ALERTS{alertstate=\"firing\",severity=\"info\"} > 0) OR on() vector(0)",
          "format": "time_series",
          "instant": true,
          "interval": "",
          "intervalFactor": 2,
          "legendFormat": "",
          "refId": "A"
        }
      ],
      "title": "Info",
      "type": "stat"
    },
    {
      "cacheTimeout": null,
      "datasource": "$Datasource",
      "fieldConfig": {
        "defaults": {
          "color": {
            "mode": "thresholds"
          },
          "mappings": [],
          "thresholds": {
            "mode": "absolute",
            "steps": [
              {
                "color": "semi-dark-green",
                "value": null
              },
              {
                "color": "semi-dark-yellow",
                "value": 1
              }
            ]
          },
          "unit": "none"
        },
        "overrides": []
      },
      "gridPos": {
        "h": 4,
        "w": 5,
        "x": 19,
        "y": 1
      },
      "id": 7,
      "interval": null,
      "links": [],
      "maxDataPoints": 100,
      "options": {
        "colorMode": "background",
        "graphMode": "none",
        "justifyMode": "auto",
        "orientation": "horizontal",
        "reduceOptions": {
          "calcs": ["mean"],
          "fields": "",
          "values": false
        },
        "text": {},
        "textMode": "auto"
      },
      "pluginVersion": "8.0.6",
      "targets": [
        {
          "exemplar": true,
          "expr": "sum(ALERTS{alertstate=\"firing\",severity=\"none\"} > 0) OR on() vector(0)",
          "format": "time_series",
          "instant": true,
          "interval": "",
          "intervalFactor": 2,
          "legendFormat": "",
          "refId": "A"
        }
      ],
      "title": "None",
      "type": "stat"
    },
    {
      "collapsed": false,
      "datasource": "Prometheus",
      "gridPos": {
        "h": 1,
        "w": 24,
        "x": 0,
        "y": 5
      },
      "id": 12,
      "panels": [],
      "repeat": null,
      "title": "Alerts",
      "type": "row"
    },
    {
      "datasource": "$Datasource",
      "fieldConfig": {
        "defaults": {
          "color": {
            "mode": "thresholds"
          },
          "custom": {
            "align": "auto",
            "displayMode": "auto"
          },
          "mappings": [],
          "thresholds": {
            "mode": "absolute",
            "steps": [
              {
                "color": "green",
                "value": null
              }
            ]
          },
          "unit": "short"
        },
        "overrides": [
          {
            "matcher": {
              "id": "byName",
              "options": "alertname"
            },
            "properties": [
              {
                "id": "custom.width",
                "value": 354
              }
            ]
          },
          {
            "matcher": {
              "id": "byName",
              "options": "severity"
            },
            "properties": [
              {
                "id": "mappings",
                "value": [
                  {
                    "options": {
                      "critical": {
                        "color": "semi-dark-red",
                        "index": 2
                      },
                      "info": {
                        "color": "semi-dark-blue",
                        "index": 0
                      },
                      "warning": {
                        "color": "semi-dark-orange",
                        "index": 1
                      }
                    },
                    "type": "value"
                  }
                ]
              },
              {
                "id": "custom.displayMode",
                "value": "color-background"
              }
            ]
          },
          {
            "matcher": {
              "id": "byName",
              "options": "Count"
            },
            "properties": [
              {
                "id": "custom.width",
                "value": 143
              }
            ]
          }
        ]
      },
      "gridPos": {
        "h": 11,
        "w": 24,
        "x": 0,
        "y": 6
      },
      "id": 1,
      "links": [],
      "options": {
        "showHeader": true,
        "sortBy": []
      },
      "pluginVersion": "8.0.6",
      "targets": [
        {
          "exemplar": true,
          "expr": "ALERTS{alertstate=\"firing\"} > 0",
          "format": "table",
          "instant": true,
          "interval": "",
          "intervalFactor": 2,
          "legendFormat": "",
          "refId": "A"
        }
      ],
      "title": "Active Firing Alerts",
      "transformations": [
        {
          "id": "filterFieldsByName",
          "options": {
            "include": {
              "names": [
                "alertname",
                "alertstate",
                "severity",
                "sub_resource_name",
                "target_env",
                "target_resource_name",
                "Value"
              ]
            }
          }
        },
        {
          "id": "organize",
          "options": {
            "excludeByName": {},
            "indexByName": {
              "Value": 8,
              "alertname": 0,
              "alertstate": 1,
              "severity": 2,
              "sub_resource_name": 5,
              "target_env": 3,
              "target_resource_name": 4
            },
            "renameByName": {
              "Value": "Count"
            }
          }
        }
      ],
      "type": "table"
    },
    {
      "datasource": "$Datasource",
      "fieldConfig": {
        "defaults": {
          "color": {
            "mode": "thresholds"
          },
          "custom": {
            "align": "auto",
            "displayMode": "auto"
          },
          "mappings": [],
          "thresholds": {
            "mode": "absolute",
            "steps": [
              {
                "color": "green",
                "value": null
              }
            ]
          },
          "unit": "short"
        },
        "overrides": [
          {
            "matcher": {
              "id": "byName",
              "options": "alertname"
            },
            "properties": [
              {
                "id": "custom.width",
                "value": 354
              }
            ]
          },
          {
            "matcher": {
              "id": "byName",
              "options": "severity"
            },
            "properties": [
              {
                "id": "mappings",
                "value": [
                  {
                    "options": {
                      "critical": {
                        "color": "semi-dark-red",
                        "index": 2
                      },
                      "info": {
                        "color": "semi-dark-blue",
                        "index": 0
                      },
                      "warning": {
                        "color": "semi-dark-orange",
                        "index": 1
                      }
                    },
                    "type": "value"
                  }
                ]
              },
              {
                "id": "custom.displayMode",
                "value": "color-background"
              }
            ]
          },
          {
            "matcher": {
              "id": "byName",
              "options": "Count"
            },
            "properties": [
              {
                "id": "custom.width",
                "value": 143
              }
            ]
          }
        ]
      },
      "gridPos": {
        "h": 11,
        "w": 24,
        "x": 0,
        "y": 17
      },
      "id": 13,
      "links": [],
      "options": {
        "showHeader": true,
        "sortBy": []
      },
      "pluginVersion": "8.0.6",
      "targets": [
        {
          "exemplar": true,
          "expr": "ALERTS{alertstate=\"pending\"} > 0",
          "format": "table",
          "instant": true,
          "interval": "",
          "intervalFactor": 2,
          "legendFormat": "",
          "refId": "A"
        }
      ],
      "title": "Active Pending Alerts",
      "transformations": [
        {
          "id": "filterFieldsByName",
          "options": {
            "include": {
              "names": [
                "alertname",
                "alertstate",
                "severity",
                "sub_resource_name",
                "target_env",
                "target_resource_name",
                "Value"
              ]
            }
          }
        },
        {
          "id": "organize",
          "options": {
            "excludeByName": {},
            "indexByName": {
              "Value": 8,
              "alertname": 0,
              "alertstate": 1,
              "severity": 2,
              "sub_resource_name": 5,
              "target_env": 3,
              "target_resource_name": 4
            },
            "renameByName": {
              "Value": "Count"
            }
          }
        }
      ],
      "type": "table"
    }
  ],
  "refresh": "30s",
  "schemaVersion": 30,
  "style": "dark",
  "tags": [],
  "templating": {
    "list": [
      {
        "description": null,
        "error": null,
        "hide": 2,
        "includeAll": false,
        "label": null,
        "multi": false,
        "name": "Datasource",
        "options": [],
        "query": "prometheus",
        "refresh": 1,
        "regex": "",
        "skipUrlSync": false,
        "type": "datasource"
      }
    ]
  },
  "time": {
    "from": "now-5m",
    "to": "now"
  },
  "timepicker": {
    "refresh_intervals": [
      "30s",
      "1m",
      "5m",
      "15m",
      "30m",
      "1h",
      "4h",
      "12h",
      "1d",
      "2d",
      "7d"
    ],
    "time_options": [
      "30s",
      "1m",
      "5m",
      "15m",
      "1h",
      "6h",
      "12h",
      "24h",
      "2d",
      "7d",
      "30d"
    ]
  },
  "timezone": "browser",
  "title": "Alert manager dashboard",
  "uid": "9YDjCNW7z",
  "version": 5
}
