{
  "annotations": {
    "list": [
      {
        "builtIn": 1,
        "datasource": "-- Grafana --",
        "enable": true,
        "hide": true,
        "iconColor": "rgba(0, 211, 255, 1)",
        "name": "Annotations & Alerts",
        "target": {
          "limit": 100,
          "matchAny": false,
          "tags": [],
          "type": "dashboard"
        },
        "type": "dashboard"
      }
    ]
  },
  "description": "Dashboard with details of the container metrics",
  "editable": true,
  "fiscalYearStartMonth": 0,
  "gnetId": 10566,
  "graphTooltip": 1,
  "iteration": 1681010244315,
  "links": [],
  "liveNow": false,
  "panels": [
    {
      "datasource": {
        "type": "prometheus",
        "uid": "PBFA97CFB590B2093"
      },
      "fieldConfig": {
        "defaults": {
          "color": {
            "mode": "thresholds"
          },
          "decimals": 0,
          "mappings": [],
          "thresholds": {
            "mode": "absolute",
            "steps": [
              {
                "color": "green",
                "value": null
              },
              {
                "color": "red",
                "value": 80
              }
            ]
          },
          "unit": "s"
        },
        "overrides": []
      },
      "gridPos": {
        "h": 4,
        "w": 4,
        "x": 0,
        "y": 0
      },
      "id": 24,
      "links": [],
      "maxDataPoints": 100,
      "options": {
        "colorMode": "value",
        "graphMode": "none",
        "justifyMode": "auto",
        "orientation": "horizontal",
        "reduceOptions": {
          "calcs": ["lastNotNull"],
          "fields": "",
          "values": false
        },
        "text": {},
        "textMode": "auto"
      },
      "pluginVersion": "8.4.11",
      "targets": [
        {
          "expr": "time() - node_boot_time_seconds{target_resource_name=~\"$target_resource_name\"}",
          "format": "time_series",
          "hide": false,
          "intervalFactor": 2,
          "legendFormat": "",
          "refId": "A",
          "step": 1800
        }
      ],
      "title": "Uptime",
      "type": "stat"
    },
    {
      "datasource": {
        "type": "prometheus",
        "uid": "PBFA97CFB590B2093"
      },
      "fieldConfig": {
        "defaults": {
          "color": {
            "mode": "thresholds"
          },
          "mappings": [],
          "thresholds": {
            "mode": "absolute",
            "steps": [
              {
                "color": "green",
                "value": null
              },
              {
                "color": "red",
                "value": 80
              }
            ]
          },
          "unit": "none"
        },
        "overrides": []
      },
      "gridPos": {
        "h": 4,
        "w": 4,
        "x": 4,
        "y": 0
      },
      "id": 31,
      "links": [],
      "maxDataPoints": 100,
      "options": {
        "colorMode": "value",
        "graphMode": "none",
        "justifyMode": "auto",
        "orientation": "horizontal",
        "reduceOptions": {
          "calcs": ["lastNotNull"],
          "fields": "",
          "values": false
        },
        "text": {},
        "textMode": "auto"
      },
      "pluginVersion": "8.4.11",
      "targets": [
        {
          "expr": "count(rate(container_last_seen{id=~\"/docker/.*\",target_resource_name=~\"$target_resource_name\"}[5m]))",
          "format": "time_series",
          "hide": false,
          "intervalFactor": 2,
          "refId": "A",
          "step": 1800
        }
      ],
      "title": "Containers",
      "type": "stat"
    },
    {
      "datasource": {
        "type": "prometheus",
        "uid": "PBFA97CFB590B2093"
      },
      "fieldConfig": {
        "defaults": {
          "color": {
            "mode": "thresholds"
          },
          "decimals": 1,
          "mappings": [],
          "max": 1,
          "min": 0,
          "thresholds": {
            "mode": "absolute",
            "steps": [
              {
                "color": "rgba(50, 172, 45, 0.97)",
                "value": null
              },
              {
                "color": "rgba(237, 129, 40, 0.89)",
                "value": 0.75
              },
              {
                "color": "rgba(245, 54, 54, 0.9)",
                "value": 0.9
              }
            ]
          },
          "unit": "percentunit"
        },
        "overrides": []
      },
      "gridPos": {
        "h": 4,
        "w": 4,
        "x": 8,
        "y": 0
      },
      "id": 26,
      "links": [],
      "maxDataPoints": 100,
      "options": {
        "orientation": "horizontal",
        "reduceOptions": {
          "calcs": ["lastNotNull"],
          "fields": "",
          "values": false
        },
        "showThresholdLabels": false,
        "showThresholdMarkers": true,
        "text": {}
      },
      "pluginVersion": "8.4.11",
      "targets": [
        {
          "expr": "min((node_filesystem_size_bytes{fstype=~\"xfs|ext4\",target_resource_name=~\"$target_resource_name\"} - node_filesystem_free_bytes{fstype=~\"xfs|ext4\",target_resource_name=~\"$target_resource_name\"} )/ node_filesystem_size_bytes{fstype=~\"xfs|ext4\",target_resource_name=~\"$target_resource_name\"})",
          "format": "time_series",
          "hide": false,
          "intervalFactor": 2,
          "legendFormat": "/",
          "refId": "A",
          "step": 1800
        }
      ],
      "title": "Disk space /",
      "type": "gauge"
    },
    {
      "datasource": {
        "type": "prometheus",
        "uid": "PBFA97CFB590B2093"
      },
      "fieldConfig": {
        "defaults": {
          "color": {
            "mode": "thresholds"
          },
          "decimals": 0,
          "mappings": [],
          "max": 100,
          "min": 0,
          "thresholds": {
            "mode": "absolute",
            "steps": [
              {
                "color": "rgba(50, 172, 45, 0.97)",
                "value": null
              },
              {
                "color": "rgba(237, 129, 40, 0.89)",
                "value": 70
              },
              {
                "color": "rgba(245, 54, 54, 0.9)",
                "value": 90
              }
            ]
          },
          "unit": "percent"
        },
        "overrides": []
      },
      "gridPos": {
        "h": 4,
        "w": 4,
        "x": 12,
        "y": 0
      },
      "id": 25,
      "links": [],
      "maxDataPoints": 100,
      "options": {
        "orientation": "horizontal",
        "reduceOptions": {
          "calcs": ["lastNotNull"],
          "fields": "",
          "values": false
        },
        "showThresholdLabels": false,
        "showThresholdMarkers": true,
        "text": {}
      },
      "pluginVersion": "8.4.11",
      "targets": [
        {
          "expr": "((node_memory_MemTotal_bytes{target_resource_name=~\"$target_resource_name\"} - node_memory_MemAvailable_bytes{target_resource_name=~\"$target_resource_name\"}) / node_memory_MemTotal_bytes{target_resource_name=~\"$target_resource_name\"}) * 100",
          "format": "time_series",
          "hide": false,
          "intervalFactor": 2,
          "refId": "A",
          "step": 1800
        }
      ],
      "title": "Memory",
      "type": "gauge"
    },
    {
      "datasource": {
        "type": "prometheus",
        "uid": "PBFA97CFB590B2093"
      },
      "fieldConfig": {
        "defaults": {
          "color": {
            "mode": "thresholds"
          },
          "decimals": 0,
          "mappings": [],
          "max": 500000000,
          "min": 0,
          "thresholds": {
            "mode": "absolute",
            "steps": [
              {
                "color": "rgba(50, 172, 45, 0.97)",
                "value": null
              },
              {
                "color": "rgba(237, 129, 40, 0.89)",
                "value": 400000000
              },
              {
                "color": "rgba(245, 54, 54, 0.9)"
              }
            ]
          },
          "unit": "decbytes"
        },
        "overrides": []
      },
      "gridPos": {
        "h": 4,
        "w": 4,
        "x": 16,
        "y": 0
      },
      "id": 30,
      "links": [],
      "maxDataPoints": 100,
      "options": {
        "orientation": "horizontal",
        "reduceOptions": {
          "calcs": ["lastNotNull"],
          "fields": "",
          "values": false
        },
        "showThresholdLabels": false,
        "showThresholdMarkers": true,
        "text": {}
      },
      "pluginVersion": "8.4.11",
      "targets": [
        {
          "expr": "(node_memory_SwapTotal_bytes{target_resource_name=~'$target_resource_name'} - node_memory_SwapFree_bytes{target_resource_name=~'$target_resource_name'})",
          "format": "time_series",
          "intervalFactor": 2,
          "legendFormat": "",
          "refId": "A",
          "step": 1800
        }
      ],
      "title": "Swap",
      "type": "gauge"
    },
    {
      "datasource": {
        "type": "prometheus",
        "uid": "PBFA97CFB590B2093"
      },
      "fieldConfig": {
        "defaults": {
          "color": {
            "mode": "thresholds"
          },
          "decimals": 0,
          "mappings": [],
          "thresholds": {
            "mode": "absolute",
            "steps": [
              {
                "color": "rgba(245, 54, 54, 0.9)",
                "value": null
              },
              {
                "color": "rgba(237, 129, 40, 0.89)",
                "value": 0.8
              },
              {
                "color": "rgba(50, 172, 45, 0.97)",
                "value": 0.9
              }
            ]
          },
          "unit": "percent"
        },
        "overrides": []
      },
      "gridPos": {
        "h": 4,
        "w": 4,
        "x": 20,
        "y": 0
      },
      "id": 27,
      "links": [],
      "maxDataPoints": 100,
      "options": {
        "colorMode": "value",
        "graphMode": "area",
        "justifyMode": "auto",
        "orientation": "horizontal",
        "reduceOptions": {
          "calcs": ["mean"],
          "fields": "",
          "values": false
        },
        "text": {},
        "textMode": "auto"
      },
      "pluginVersion": "8.4.11",
      "targets": [
        {
          "expr": "node_load1{target_resource_name=~\"$target_resource_name\"} / count by(job, target_resource_name)(count by(job, target_resource_name, cpu)(node_cpu_seconds_total{target_resource_name=~\"$target_resource_name\"}))",
          "format": "time_series",
          "hide": true,
          "intervalFactor": 2,
          "refId": "A",
          "step": 1800
        },
        {
          "expr": "sum(node_load1{target_resource_name=~\"$target_resource_name\"}) by (target_resource_name) / count(node_cpu_seconds_total{mode=\"system\",target_resource_name=~\"$target_resource_name\"}) by (target_resource_name) * 100",
          "format": "time_series",
          "hide": false,
          "intervalFactor": 2,
          "legendFormat": "Load1",
          "refId": "B"
        }
      ],
      "title": "Load1",
      "type": "stat"
    },
    {
      "aliasColors": {
        "SENT": "#BF1B00"
      },
      "bars": false,
      "dashLength": 10,
      "dashes": false,
      "datasource": {
        "type": "prometheus",
        "uid": "PBFA97CFB590B2093"
      },
      "editable": true,
      "error": false,
      "fill": 1,
      "fillGradient": 0,
      "grid": {},
      "gridPos": {
        "h": 6,
        "w": 4,
        "x": 0,
        "y": 4
      },
      "hiddenSeries": false,
      "id": 19,
      "legend": {
        "avg": false,
        "current": false,
        "max": false,
        "min": false,
        "show": false,
        "total": false,
        "values": false
      },
      "lines": true,
      "linewidth": 1,
      "links": [],
      "nullPointMode": "null as zero",
      "options": {
        "alertThreshold": true
      },
      "percentage": false,
      "pluginVersion": "8.4.11",
      "pointradius": 1,
      "points": false,
      "renderer": "flot",
      "seriesOverrides": [],
      "spaceLength": 10,
      "stack": false,
      "steppedLine": false,
      "targets": [
        {
          "expr": "sum(rate(container_network_receive_bytes_total{id=\"/\",target_resource_name=~\"$target_resource_name\"}[5m])) by (id)",
          "format": "time_series",
          "hide": false,
          "intervalFactor": 2,
          "legendFormat": "RECEIVED",
          "refId": "A",
          "step": 600
        },
        {
          "expr": "- sum(rate(container_network_transmit_bytes_total{id=\"/\",target_resource_name=~\"$target_resource_name\"}[5m  ])) by (id)",
          "format": "time_series",
          "hide": false,
          "intervalFactor": 2,
          "legendFormat": "SENT",
          "refId": "B",
          "step": 600
        }
      ],
      "thresholds": [],
      "timeRegions": [],
      "title": "Network Traffic",
      "tooltip": {
        "msResolution": true,
        "shared": true,
        "sort": 0,
        "value_type": "cumulative"
      },
      "type": "graph",
      "xaxis": {
        "mode": "time",
        "show": false,
        "values": []
      },
      "yaxes": [
        {
          "format": "bytes",
          "logBase": 1,
          "show": true
        },
        {
          "format": "short",
          "logBase": 1,
          "show": false
        }
      ],
      "yaxis": {
        "align": false
      }
    },
    {
      "aliasColors": {
        "{id=\"/\",target_resource_name=\"cadvisor:8080\",job=\"prometheus\"}": "#BA43A9"
      },
      "bars": false,
      "dashLength": 10,
      "dashes": false,
      "datasource": {
        "type": "prometheus",
        "uid": "PBFA97CFB590B2093"
      },
      "editable": true,
      "error": false,
      "fill": 1,
      "fillGradient": 0,
      "grid": {},
      "gridPos": {
        "h": 6,
        "w": 4,
        "x": 4,
        "y": 4
      },
      "hiddenSeries": false,
      "id": 5,
      "legend": {
        "avg": false,
        "current": false,
        "max": false,
        "min": false,
        "show": false,
        "total": false,
        "values": false
      },
      "lines": true,
      "linewidth": 1,
      "links": [],
      "nullPointMode": "null as zero",
      "options": {
        "alertThreshold": true
      },
      "percentage": false,
      "pluginVersion": "8.4.11",
      "pointradius": 5,
      "points": false,
      "renderer": "flot",
      "seriesOverrides": [],
      "spaceLength": 10,
      "stack": true,
      "steppedLine": false,
      "targets": [
        {
          "expr": "sum(rate(container_cpu_system_seconds_total[1m]))",
          "format": "time_series",
          "hide": true,
          "intervalFactor": 2,
          "legendFormat": "a",
          "refId": "B",
          "step": 120
        },
        {
          "expr": "sum(rate(container_cpu_system_seconds_total{name=~\".+\"}[1m]))",
          "format": "time_series",
          "hide": true,
          "interval": "",
          "intervalFactor": 2,
          "legendFormat": "nur container",
          "refId": "F",
          "step": 10
        },
        {
          "expr": "sum(rate(container_cpu_system_seconds_total{id=\"/\"}[1m]))",
          "format": "time_series",
          "hide": true,
          "interval": "",
          "intervalFactor": 2,
          "legendFormat": "nur docker host",
          "metric": "",
          "refId": "A",
          "step": 20
        },
        {
          "expr": "sum(rate(process_cpu_seconds_total[1m])) * 100",
          "format": "time_series",
          "hide": true,
          "interval": "",
          "intervalFactor": 2,
          "legendFormat": "host",
          "metric": "",
          "refId": "C",
          "step": 600
        },
        {
          "expr": "sum(rate(container_cpu_system_seconds_total{name=~\".+\"}[1m])) + sum(rate(container_cpu_system_seconds_total{id=\"/\"}[1m])) + sum(rate(process_cpu_seconds_total[1m]))",
          "format": "time_series",
          "hide": true,
          "intervalFactor": 2,
          "legendFormat": "",
          "refId": "D",
          "step": 120
        },
        {
          "expr": "100 - (avg by (target_resource_name) (irate(node_cpu_seconds_total{target_resource_name=~\"$target_resource_name\",mode=\"idle\"}[5m])) * 100)",
          "format": "time_series",
          "hide": false,
          "intervalFactor": 2,
          "refId": "E"
        }
      ],
      "thresholds": [],
      "timeRegions": [],
      "title": "CPU Usage",
      "tooltip": {
        "msResolution": true,
        "shared": true,
        "sort": 0,
        "value_type": "cumulative"
      },
      "type": "graph",
      "xaxis": {
        "mode": "time",
        "show": false,
        "values": []
      },
      "yaxes": [
        {
          "format": "percent",
          "label": "",
          "logBase": 1,
          "show": true
        },
        {
          "format": "short",
          "logBase": 1,
          "show": false
        }
      ],
      "yaxis": {
        "align": false
      }
    },
    {
      "alert": {
        "conditions": [
          {
            "evaluator": {
              "params": [1.25],
              "type": "gt"
            },
            "query": {
              "params": ["A", "5m", "now"]
            },
            "reducer": {
              "params": [],
              "type": "avg"
            },
            "type": "query"
          }
        ],
        "executionErrorState": "alerting",
        "frequency": "60s",
        "handler": 1,
        "name": "Panel Title alert",
        "noDataState": "keep_state",
        "notifications": [
          {
            "id": 1
          }
        ]
      },
      "aliasColors": {},
      "bars": false,
      "dashLength": 10,
      "dashes": false,
      "datasource": {
        "type": "prometheus",
        "uid": "PBFA97CFB590B2093"
      },
      "decimals": 0,
      "editable": true,
      "error": false,
      "fill": 1,
      "fillGradient": 0,
      "gridPos": {
        "h": 6,
        "w": 4,
        "x": 8,
        "y": 4
      },
      "hiddenSeries": false,
      "id": 28,
      "legend": {
        "avg": false,
        "current": false,
        "max": false,
        "min": false,
        "show": false,
        "total": false,
        "values": false
      },
      "lines": true,
      "linewidth": 1,
      "links": [],
      "nullPointMode": "connected",
      "options": {
        "alertThreshold": true
      },
      "percentage": false,
      "pluginVersion": "8.4.11",
      "pointradius": 5,
      "points": false,
      "renderer": "flot",
      "seriesOverrides": [],
      "spaceLength": 10,
      "stack": false,
      "steppedLine": false,
      "targets": [
        {
          "expr": "node_load1{target_resource_name=~\"$target_resource_name\"} / count by(job, target_resource_name)(count by(job, target_resource_name, cpu)(node_cpu_seconds_total{target_resource_name=~\"$target_resource_name\"}))",
          "format": "time_series",
          "hide": true,
          "intervalFactor": 2,
          "refId": "A",
          "step": 600
        },
        {
          "expr": "sum(node_load1{target_resource_name=~\"$target_resource_name\"}) by (target_resource_name) / count(node_cpu_seconds_total{mode=\"system\",target_resource_name=~\"$target_resource_name\"}) by (target_resource_name) * 100",
          "format": "time_series",
          "hide": false,
          "intervalFactor": 2,
          "refId": "B"
        }
      ],
      "thresholds": [
        {
          "colorMode": "critical",
          "fill": true,
          "line": true,
          "op": "gt",
          "value": 1.25,
          "visible": true
        }
      ],
      "timeRegions": [],
      "title": "Load 1",
      "tooltip": {
        "msResolution": false,
        "shared": true,
        "sort": 0,
        "value_type": "individual"
      },
      "type": "graph",
      "xaxis": {
        "mode": "time",
        "show": false,
        "values": []
      },
      "yaxes": [
        {
          "format": "percent",
          "logBase": 1,
          "max": "300",
          "show": true
        },
        {
          "format": "short",
          "logBase": 1,
          "show": false
        }
      ],
      "yaxis": {
        "align": false
      }
    },
    {
      "alert": {
        "conditions": [
          {
            "evaluator": {
              "params": [250000000000],
              "type": "gt"
            },
            "query": {
              "params": ["A", "5m", "now"]
            },
            "reducer": {
              "params": [],
              "type": "avg"
            },
            "type": "query"
          }
        ],
        "executionErrorState": "alerting",
        "frequency": "60s",
        "handler": 1,
        "name": "Free/Used Disk Space alert",
        "noDataState": "keep_state",
        "notifications": [
          {
            "id": 1
          }
        ]
      },
      "aliasColors": {
        "Belegete Festplatte": "#BF1B00",
        "Free Disk Space": "#7EB26D",
        "Used Disk Space": "#7EB26D",
        "{}": "#BF1B00"
      },
      "bars": false,
      "dashLength": 10,
      "dashes": false,
      "datasource": {
        "type": "prometheus",
        "uid": "PBFA97CFB590B2093"
      },
      "editable": true,
      "error": false,
      "fill": 1,
      "fillGradient": 0,
      "grid": {},
      "gridPos": {
        "h": 6,
        "w": 4,
        "x": 12,
        "y": 4
      },
      "hiddenSeries": false,
      "id": 13,
      "legend": {
        "avg": false,
        "current": false,
        "max": false,
        "min": false,
        "show": false,
        "total": false,
        "values": false
      },
      "lines": true,
      "linewidth": 1,
      "links": [],
      "nullPointMode": "null as zero",
      "options": {
        "alertThreshold": true
      },
      "percentage": false,
      "pluginVersion": "8.4.11",
      "pointradius": 5,
      "points": false,
      "renderer": "flot",
      "seriesOverrides": [
        {
          "alias": "Used Disk Space",
          "yaxis": 1
        }
      ],
      "spaceLength": 10,
      "stack": true,
      "steppedLine": false,
      "targets": [
        {
          "expr": "node_filesystem_size_bytes{fstype=\"ext4\",target_resource_name=~\"$target_resource_name\"} - node_filesystem_free_bytes{fstype=\"ext4\",target_resource_name=~\"$target_resource_name\"}",
          "format": "time_series",
          "hide": false,
          "intervalFactor": 2,
          "legendFormat": "Used Disk Space",
          "refId": "A",
          "step": 600
        }
      ],
      "thresholds": [
        {
          "colorMode": "critical",
          "fill": true,
          "line": true,
          "op": "gt",
          "value": 250000000000,
          "visible": true
        }
      ],
      "timeRegions": [],
      "title": "Used Disk Space /",
      "tooltip": {
        "msResolution": true,
        "shared": true,
        "sort": 0,
        "value_type": "individual"
      },
      "type": "graph",
      "xaxis": {
        "mode": "time",
        "show": false,
        "values": []
      },
      "yaxes": [
        {
          "format": "bytes",
          "label": "",
          "logBase": 1,
          "max": "295279001600",
          "min": 0,
          "show": true
        },
        {
          "format": "short",
          "logBase": 1,
          "show": false
        }
      ],
      "yaxis": {
        "align": false
      }
    },
    {
      "alert": {
        "conditions": [
          {
            "evaluator": {
              "params": [214748364800],
              "type": "gt"
            },
            "query": {
              "params": ["A", "5m", "now"]
            },
            "reducer": {
              "params": [],
              "type": "avg"
            },
            "type": "query"
          }
        ],
        "executionErrorState": "alerting",
        "frequency": "60s",
        "handler": 1,
        "name": "Available Memory alert",
        "noDataState": "keep_state",
        "notifications": [
          {
            "id": 1
          }
        ]
      },
      "aliasColors": {
        "Available Memory": "#7EB26D",
        "Unavailable Memory": "#7EB26D"
      },
      "bars": false,
      "dashLength": 10,
      "dashes": false,
      "datasource": {
        "type": "prometheus",
        "uid": "PBFA97CFB590B2093"
      },
      "editable": true,
      "error": false,
      "fill": 1,
      "fillGradient": 0,
      "grid": {},
      "gridPos": {
        "h": 6,
        "w": 4,
        "x": 16,
        "y": 4
      },
      "hiddenSeries": false,
      "id": 20,
      "legend": {
        "avg": false,
        "current": false,
        "max": false,
        "min": false,
        "show": false,
        "total": false,
        "values": false
      },
      "lines": true,
      "linewidth": 1,
      "links": [],
      "nullPointMode": "null as zero",
      "options": {
        "alertThreshold": true
      },
      "percentage": false,
      "pluginVersion": "8.4.11",
      "pointradius": 5,
      "points": false,
      "renderer": "flot",
      "seriesOverrides": [],
      "spaceLength": 10,
      "stack": true,
      "steppedLine": false,
      "targets": [
        {
          "expr": "container_memory_rss{name=~\".+\"}",
          "format": "time_series",
          "hide": true,
          "intervalFactor": 2,
          "legendFormat": "{{__name__}}",
          "refId": "D",
          "step": 20
        },
        {
          "expr": "sum(container_memory_rss{name=~\".+\"})",
          "format": "time_series",
          "hide": true,
          "intervalFactor": 2,
          "legendFormat": "{{__name__}}",
          "refId": "A",
          "step": 20
        },
        {
          "expr": "container_memory_usage_bytes{name=~\".+\"}",
          "format": "time_series",
          "hide": true,
          "intervalFactor": 2,
          "legendFormat": "{{name}}",
          "refId": "B",
          "step": 20
        },
        {
          "expr": "container_memory_rss{id=\"/\"}",
          "format": "time_series",
          "hide": true,
          "intervalFactor": 2,
          "legendFormat": "{{__name__}}",
          "refId": "C",
          "step": 20
        },
        {
          "expr": "sum(container_memory_rss)",
          "format": "time_series",
          "hide": true,
          "intervalFactor": 2,
          "legendFormat": "{{__name__}}",
          "refId": "E",
          "step": 20
        },
        {
          "expr": "node_memory_Buffers",
          "format": "time_series",
          "hide": true,
          "intervalFactor": 2,
          "legendFormat": "node_memory_Dirty",
          "refId": "N",
          "step": 30
        },
        {
          "expr": "node_memory_MemFree",
          "format": "time_series",
          "hide": true,
          "intervalFactor": 2,
          "legendFormat": "{{__name__}}",
          "refId": "F",
          "step": 20
        },
        {
          "expr": "node_memory_MemAvailable",
          "format": "time_series",
          "hide": true,
          "intervalFactor": 2,
          "legendFormat": "Available Memory",
          "refId": "H",
          "step": 20
        },
        {
          "expr": "node_memory_MemTotal_bytes{target_resource_name=~\"$target_resource_name\"} - node_memory_MemAvailable_bytes{target_resource_name=~\"$target_resource_name\"}",
          "format": "time_series",
          "hide": true,
          "intervalFactor": 2,
          "legendFormat": "Unavailable Memory",
          "refId": "G",
          "step": 600
        },
        {
          "expr": "node_memory_Inactive",
          "format": "time_series",
          "hide": true,
          "intervalFactor": 2,
          "legendFormat": "{{__name__}}",
          "refId": "I",
          "step": 30
        },
        {
          "expr": "node_memory_KernelStack",
          "format": "time_series",
          "hide": true,
          "intervalFactor": 2,
          "legendFormat": "{{__name__}}",
          "refId": "J",
          "step": 30
        },
        {
          "expr": "node_memory_Active",
          "format": "time_series",
          "hide": true,
          "intervalFactor": 2,
          "legendFormat": "{{__name__}}",
          "refId": "K",
          "step": 30
        },
        {
          "expr": "node_memory_MemTotal - (node_memory_Active + node_memory_MemFree + node_memory_Inactive)",
          "format": "time_series",
          "hide": true,
          "intervalFactor": 2,
          "legendFormat": "Unknown",
          "refId": "L",
          "step": 40
        },
        {
          "expr": "node_memory_MemFree + node_memory_Inactive ",
          "format": "time_series",
          "hide": true,
          "intervalFactor": 2,
          "legendFormat": "{{__name__}}",
          "refId": "M",
          "step": 30
        },
        {
          "expr": "container_memory_rss{name=~\".+\"}",
          "format": "time_series",
          "hide": true,
          "intervalFactor": 2,
          "legendFormat": "{{__name__}}",
          "refId": "O",
          "step": 30
        },
        {
          "expr": "node_memory_MemAvailable_bytes{target_resource_name=~\"$target_resource_name\"}",
          "format": "time_series",
          "hide": false,
          "intervalFactor": 2,
          "legendFormat": "Available memory",
          "refId": "P",
          "step": 40
        },
        {
          "expr": "node_memory_MemFree_bytes{target_resource_name=~\"$target_resource_name\"}",
          "format": "time_series",
          "intervalFactor": 2,
          "legendFormat": "Free memory",
          "refId": "Q"
        },
        {
          "expr": "node_memory_MemTotal_bytes{target_resource_name=~\"$target_resource_name\"}",
          "format": "time_series",
          "intervalFactor": 2,
          "legendFormat": "Total memory",
          "refId": "R"
        },
        {
          "expr": "node_memory_MemTotal_bytes{target_resource_name=~\"$target_resource_name\"}-(node_memory_Buffers_bytes{target_resource_name=~\"$target_resource_name\"}+node_memory_Cached_bytes{target_resource_name=~\"$target_resource_name\"}+node_memory_MemFree_bytes{target_resource_name=~\"$target_resource_name\"})",
          "format": "time_series",
          "intervalFactor": 2,
          "legendFormat": "Used memory",
          "refId": "S"
        }
      ],
      "thresholds": [
        {
          "colorMode": "critical",
          "fill": true,
          "line": true,
          "op": "gt",
          "value": 214748364800,
          "visible": true
        }
      ],
      "timeRegions": [],
      "title": "Available Memory",
      "tooltip": {
        "msResolution": true,
        "shared": true,
        "sort": 0,
        "value_type": "individual"
      },
      "type": "graph",
      "xaxis": {
        "mode": "time",
        "show": false,
        "values": []
      },
      "yaxes": [
        {
          "format": "bytes",
          "label": "",
          "logBase": 1,
          "max": "269509197824",
          "min": 0,
          "show": true
        },
        {
          "format": "short",
          "logBase": 1,
          "show": false
        }
      ],
      "yaxis": {
        "align": false
      }
    },
    {
      "aliasColors": {
        "IN on /sda": "#7EB26D",
        "OUT on /sda": "#890F02"
      },
      "bars": false,
      "dashLength": 10,
      "dashes": false,
      "datasource": {
        "type": "prometheus",
        "uid": "PBFA97CFB590B2093"
      },
      "editable": true,
      "error": false,
      "fill": 1,
      "fillGradient": 0,
      "grid": {},
      "gridPos": {
        "h": 6,
        "w": 4,
        "x": 20,
        "y": 4
      },
      "hiddenSeries": false,
      "id": 3,
      "legend": {
        "avg": false,
        "current": false,
        "max": false,
        "min": false,
        "show": false,
        "total": false,
        "values": false
      },
      "lines": true,
      "linewidth": 1,
      "links": [],
      "nullPointMode": "null as zero",
      "options": {
        "alertThreshold": true
      },
      "percentage": false,
      "pluginVersion": "8.4.11",
      "pointradius": 5,
      "points": false,
      "renderer": "flot",
      "seriesOverrides": [],
      "spaceLength": 10,
      "stack": false,
      "steppedLine": false,
      "targets": [
        {
          "expr": "-sum(rate(node_disk_read_bytes_total{target_resource_name=~\"$target_resource_name\"}[5m])) by (device)",
          "format": "time_series",
          "hide": false,
          "intervalFactor": 2,
          "legendFormat": "OUT on /{{device}}",
          "metric": "node_disk_bytes_read",
          "refId": "A",
          "step": 600
        },
        {
          "expr": "sum(rate(node_disk_written_bytes_total{target_resource_name=~\"$target_resource_name\"}[5m])) by (device)",
          "format": "time_series",
          "hide": false,
          "intervalFactor": 2,
          "legendFormat": "IN on /{{device}}",
          "metric": "",
          "refId": "B",
          "step": 600
        }
      ],
      "thresholds": [],
      "timeRegions": [],
      "title": "Disk I/O",
      "tooltip": {
        "msResolution": true,
        "shared": true,
        "sort": 0,
        "value_type": "cumulative"
      },
      "type": "graph",
      "xaxis": {
        "mode": "time",
        "show": false,
        "values": []
      },
      "yaxes": [
        {
          "format": "Bps",
          "logBase": 1,
          "show": true
        },
        {
          "format": "short",
          "logBase": 1,
          "show": false
        }
      ],
      "yaxis": {
        "align": false
      }
    },
    {
      "aliasColors": {},
      "bars": false,
      "dashLength": 10,
      "dashes": false,
      "datasource": {
        "type": "prometheus",
        "uid": "PBFA97CFB590B2093"
      },
      "editable": true,
      "error": false,
      "fill": 1,
      "fillGradient": 0,
      "grid": {},
      "gridPos": {
        "h": 7,
        "w": 12,
        "x": 0,
        "y": 10
      },
      "hiddenSeries": false,
      "id": 8,
      "legend": {
        "alignAsTable": true,
        "avg": false,
        "current": false,
        "max": false,
        "min": false,
        "rightSide": true,
        "show": true,
        "total": false,
        "values": false
      },
      "lines": true,
      "linewidth": 2,
      "links": [],
      "nullPointMode": "null as zero",
      "options": {
        "alertThreshold": true
      },
      "percentage": false,
      "pluginVersion": "8.4.11",
      "pointradius": 5,
      "points": false,
      "renderer": "flot",
      "seriesOverrides": [],
      "spaceLength": 10,
      "stack": false,
      "steppedLine": false,
      "targets": [
        {
          "expr": "rate(container_network_receive_bytes_total{name!=\"\",target_resource_name=~\"$target_resource_name\"}[5m])",
          "format": "time_series",
          "hide": false,
          "intervalFactor": 2,
          "legendFormat": "{{name}}",
          "refId": "A",
          "step": 240
        },
        {
          "expr": "sum(rate(container_network_transmit_bytes_total{target_resource_name=~\"$target_resource_name\"}[5m])) by (name)",
          "format": "time_series",
          "hide": true,
          "intervalFactor": 2,
          "legendFormat": "",
          "refId": "B",
          "step": 10
        }
      ],
      "thresholds": [],
      "timeRegions": [],
      "title": "Received Network Traffic per Container",
      "tooltip": {
        "msResolution": true,
        "shared": true,
        "sort": 0,
        "value_type": "cumulative"
      },
      "type": "graph",
      "xaxis": {
        "mode": "time",
        "show": true,
        "values": []
      },
      "yaxes": [
        {
          "format": "Bps",
          "logBase": 1,
          "show": true
        },
        {
          "format": "short",
          "logBase": 1,
          "show": true
        }
      ],
      "yaxis": {
        "align": false
      }
    },
    {
      "aliasColors": {},
      "bars": false,
      "dashLength": 10,
      "dashes": false,
      "datasource": {
        "type": "prometheus",
        "uid": "PBFA97CFB590B2093"
      },
      "editable": true,
      "error": false,
      "fill": 1,
      "fillGradient": 0,
      "grid": {},
      "gridPos": {
        "h": 7,
        "w": 12,
        "x": 12,
        "y": 10
      },
      "hiddenSeries": false,
      "id": 9,
      "legend": {
        "alignAsTable": true,
        "avg": false,
        "current": false,
        "hideEmpty": false,
        "hideZero": false,
        "max": false,
        "min": false,
        "rightSide": true,
        "show": true,
        "total": false,
        "values": false
      },
      "lines": true,
      "linewidth": 2,
      "links": [],
      "nullPointMode": "null as zero",
      "options": {
        "alertThreshold": true
      },
      "percentage": false,
      "pluginVersion": "8.4.11",
      "pointradius": 5,
      "points": false,
      "renderer": "flot",
      "seriesOverrides": [],
      "spaceLength": 10,
      "stack": false,
      "steppedLine": false,
      "targets": [
        {
          "expr": "sum(rate(container_network_transmit_bytes_total{name!=\"\",target_resource_name=~\"$target_resource_name\"}[5m])) by (name)",
          "format": "time_series",
          "intervalFactor": 2,
          "legendFormat": "{{name}}",
          "refId": "A",
          "step": 240
        },
        {
          "expr": "rate(container_network_transmit_bytes_total{id=\"/\"}[5m])",
          "format": "time_series",
          "hide": true,
          "intervalFactor": 2,
          "legendFormat": "",
          "refId": "B",
          "step": 10
        }
      ],
      "thresholds": [],
      "timeRegions": [],
      "title": "Sent Network Traffic per Container",
      "tooltip": {
        "msResolution": true,
        "shared": true,
        "sort": 0,
        "value_type": "cumulative"
      },
      "type": "graph",
      "xaxis": {
        "mode": "time",
        "show": true,
        "values": []
      },
      "yaxes": [
        {
          "format": "Bps",
          "label": "",
          "logBase": 1,
          "show": true
        },
        {
          "format": "short",
          "label": "",
          "logBase": 10,
          "max": 8,
          "min": 0,
          "show": false
        }
      ],
      "yaxis": {
        "align": false
      }
    },
    {
      "aliasColors": {},
      "bars": false,
      "dashLength": 10,
      "dashes": false,
      "datasource": {
        "type": "prometheus",
        "uid": "PBFA97CFB590B2093"
      },
      "editable": true,
      "error": false,
      "fill": 0,
      "fillGradient": 0,
      "grid": {},
      "gridPos": {
        "h": 7,
        "w": 12,
        "x": 0,
        "y": 17
      },
      "hiddenSeries": false,
      "id": 1,
      "legend": {
        "alignAsTable": true,
        "avg": false,
        "current": false,
        "max": false,
        "min": false,
        "rightSide": true,
        "show": true,
        "total": false,
        "values": false
      },
      "lines": true,
      "linewidth": 1,
      "links": [],
      "nullPointMode": "null as zero",
      "options": {
        "alertThreshold": true
      },
      "percentage": false,
      "pluginVersion": "8.4.11",
      "pointradius": 5,
      "points": false,
      "renderer": "flot",
      "seriesOverrides": [],
      "spaceLength": 10,
      "stack": false,
      "steppedLine": false,
      "targets": [
        {
          "expr": "sum(rate(container_cpu_usage_seconds_total{name=~\".+\",target_resource_name=~\"$target_resource_name\"}[5m])) by (name) * 100",
          "format": "time_series",
          "hide": false,
          "interval": "",
          "intervalFactor": 2,
          "legendFormat": "{{name}}",
          "metric": "",
          "refId": "F",
          "step": 240
        }
      ],
      "thresholds": [],
      "timeRegions": [],
      "title": "CPU Usage per Container",
      "tooltip": {
        "msResolution": true,
        "shared": true,
        "sort": 0,
        "value_type": "individual"
      },
      "type": "graph",
      "xaxis": {
        "mode": "time",
        "show": true,
        "values": []
      },
      "yaxes": [
        {
          "format": "percent",
          "label": "",
          "logBase": 1,
          "show": true
        },
        {
          "format": "short",
          "logBase": 1,
          "show": false
        }
      ],
      "yaxis": {
        "align": false
      }
    },
    {
      "aliasColors": {},
      "bars": false,
      "dashLength": 10,
      "dashes": false,
      "datasource": {
        "type": "prometheus",
        "uid": "PBFA97CFB590B2093"
      },
      "editable": true,
      "error": false,
      "fill": 3,
      "fillGradient": 0,
      "grid": {},
      "gridPos": {
        "h": 7,
        "w": 12,
        "x": 12,
        "y": 17
      },
      "hiddenSeries": false,
      "id": 10,
      "legend": {
        "alignAsTable": true,
        "avg": false,
        "current": false,
        "max": false,
        "min": false,
        "rightSide": true,
        "show": true,
        "total": false,
        "values": false
      },
      "lines": true,
      "linewidth": 2,
      "links": [],
      "nullPointMode": "null as zero",
      "options": {
        "alertThreshold": true
      },
      "percentage": false,
      "pluginVersion": "8.4.11",
      "pointradius": 5,
      "points": false,
      "renderer": "flot",
      "seriesOverrides": [],
      "spaceLength": 10,
      "stack": true,
      "steppedLine": false,
      "targets": [
        {
          "expr": "sum(container_memory_rss{name!=\"\",target_resource_name=~\"$target_resource_name\"}) by (name)",
          "format": "time_series",
          "hide": false,
          "intervalFactor": 2,
          "legendFormat": "{{name}}",
          "refId": "A",
          "step": 240
        },
        {
          "expr": "container_memory_usage_bytes{name=~\".+\"}",
          "format": "time_series",
          "hide": true,
          "intervalFactor": 2,
          "legendFormat": "{{name}}",
          "refId": "B",
          "step": 240
        }
      ],
      "thresholds": [],
      "timeRegions": [],
      "title": "RSS Memory Usage per Container",
      "tooltip": {
        "msResolution": true,
        "shared": true,
        "sort": 0,
        "value_type": "individual"
      },
      "type": "graph",
      "xaxis": {
        "mode": "time",
        "show": true,
        "values": []
      },
      "yaxes": [
        {
          "format": "bytes",
          "label": "",
          "logBase": 1,
          "show": true
        },
        {
          "format": "short",
          "logBase": 1,
          "show": true
        }
      ],
      "yaxis": {
        "align": false
      }
    },
    {
      "aliasColors": {},
      "bars": false,
      "dashLength": 10,
      "dashes": false,
      "datasource": {
        "type": "prometheus",
        "uid": "PBFA97CFB590B2093"
      },
      "fill": 1,
      "fillGradient": 0,
      "gridPos": {
        "h": 7,
        "w": 8,
        "x": 0,
        "y": 24
      },
      "hiddenSeries": false,
      "id": 38,
      "legend": {
        "alignAsTable": true,
        "avg": false,
        "current": false,
        "max": false,
        "min": false,
        "rightSide": true,
        "show": true,
        "total": false,
        "values": false
      },
      "lines": true,
      "linewidth": 1,
      "links": [],
      "nullPointMode": "null",
      "options": {
        "alertThreshold": true
      },
      "percentage": false,
      "pluginVersion": "8.4.11",
      "pointradius": 5,
      "points": false,
      "renderer": "flot",
      "seriesOverrides": [],
      "spaceLength": 10,
      "stack": false,
      "steppedLine": false,
      "targets": [
        {
          "expr": "container_memory_usage_bytes{name!=\"\",target_resource_name=~\"$target_resource_name\"}",
          "format": "time_series",
          "hide": false,
          "intervalFactor": 2,
          "legendFormat": "{{name}}",
          "refId": "A",
          "target": ""
        },
        {
          "expr": "container_spec_memory_limit_bytes{name!=\"\",target_resource_name=~\"$target_resource_name\"}",
          "format": "time_series",
          "hide": true,
          "intervalFactor": 2,
          "legendFormat": "Limit {{name}}",
          "refId": "B"
        }
      ],
      "thresholds": [],
      "timeRegions": [],
      "title": "Used Memory per Container",
      "tooltip": {
        "shared": true,
        "sort": 0,
        "value_type": "individual"
      },
      "type": "graph",
      "xaxis": {
        "mode": "time",
        "show": true,
        "values": []
      },
      "yaxes": [
        {
          "decimals": 1,
          "format": "bytes",
          "logBase": 1,
          "show": true
        },
        {
          "decimals": 1,
          "format": "bytes",
          "logBase": 1,
          "show": true
        }
      ],
      "yaxis": {
        "align": false
      }
    },
    {
      "aliasColors": {},
      "bars": false,
      "dashLength": 10,
      "dashes": false,
      "datasource": {
        "type": "prometheus",
        "uid": "PBFA97CFB590B2093"
      },
      "fill": 1,
      "fillGradient": 0,
      "gridPos": {
        "h": 7,
        "w": 8,
        "x": 8,
        "y": 24
      },
      "hiddenSeries": false,
      "id": 40,
      "legend": {
        "alignAsTable": true,
        "avg": false,
        "current": false,
        "max": false,
        "min": false,
        "rightSide": true,
        "show": true,
        "total": false,
        "values": false
      },
      "lines": true,
      "linewidth": 1,
      "links": [],
      "nullPointMode": "null",
      "options": {
        "alertThreshold": true
      },
      "percentage": false,
      "pluginVersion": "8.4.11",
      "pointradius": 5,
      "points": false,
      "renderer": "flot",
      "seriesOverrides": [],
      "spaceLength": 10,
      "stack": false,
      "steppedLine": false,
      "targets": [
        {
          "expr": "container_memory_usage_bytes{name!=\"\",target_resource_name=~\"$target_resource_name\"}",
          "format": "time_series",
          "hide": true,
          "intervalFactor": 2,
          "legendFormat": "{{name}}",
          "refId": "A",
          "target": ""
        },
        {
          "expr": "container_spec_memory_limit_bytes{name!=\"\",target_resource_name=~\"$target_resource_name\"}-container_memory_usage_bytes{name!=\"\",target_resource_name=~\"$target_resource_name\"}",
          "format": "time_series",
          "hide": false,
          "intervalFactor": 2,
          "legendFormat": "{{name}}",
          "refId": "B"
        }
      ],
      "thresholds": [],
      "timeRegions": [],
      "title": "Available Memory per Container",
      "tooltip": {
        "shared": true,
        "sort": 0,
        "value_type": "individual"
      },
      "type": "graph",
      "xaxis": {
        "mode": "time",
        "show": true,
        "values": []
      },
      "yaxes": [
        {
          "decimals": 1,
          "format": "bytes",
          "logBase": 1,
          "show": true
        },
        {
          "decimals": 1,
          "format": "bytes",
          "logBase": 1,
          "show": true
        }
      ],
      "yaxis": {
        "align": false
      }
    },
    {
      "aliasColors": {},
      "bars": false,
      "dashLength": 10,
      "dashes": false,
      "datasource": {
        "type": "prometheus",
        "uid": "PBFA97CFB590B2093"
      },
      "fill": 1,
      "fillGradient": 0,
      "gridPos": {
        "h": 7,
        "w": 8,
        "x": 16,
        "y": 24
      },
      "hiddenSeries": false,
      "id": 39,
      "legend": {
        "alignAsTable": true,
        "avg": false,
        "current": false,
        "max": false,
        "min": false,
        "rightSide": true,
        "show": true,
        "total": false,
        "values": false
      },
      "lines": true,
      "linewidth": 1,
      "links": [],
      "nullPointMode": "null",
      "options": {
        "alertThreshold": true
      },
      "percentage": false,
      "pluginVersion": "8.4.11",
      "pointradius": 5,
      "points": false,
      "renderer": "flot",
      "seriesOverrides": [],
      "spaceLength": 10,
      "stack": false,
      "steppedLine": false,
      "targets": [
        {
          "expr": "container_memory_usage_bytes{name!=\"\",target_resource_name=~\"$target_resource_name\"}",
          "format": "time_series",
          "hide": true,
          "intervalFactor": 2,
          "legendFormat": "Used {{name}}",
          "refId": "A",
          "target": ""
        },
        {
          "expr": "container_spec_memory_limit_bytes{name!=\"\",target_resource_name=~\"$target_resource_name\"}",
          "format": "time_series",
          "intervalFactor": 2,
          "legendFormat": "{{name}}",
          "refId": "B"
        }
      ],
      "thresholds": [],
      "timeRegions": [],
      "title": "Limit Memory per Container",
      "tooltip": {
        "shared": true,
        "sort": 0,
        "value_type": "individual"
      },
      "type": "graph",
      "xaxis": {
        "mode": "time",
        "show": true,
        "values": []
      },
      "yaxes": [
        {
          "decimals": 1,
          "format": "bytes",
          "logBase": 1,
          "show": true
        },
        {
          "decimals": 1,
          "format": "bytes",
          "logBase": 1,
          "show": true
        }
      ],
      "yaxis": {
        "align": false
      }
    },
    {
      "columns": [],
      "datasource": {
        "type": "prometheus",
        "uid": "PBFA97CFB590B2093"
      },
      "fontSize": "100%",
      "gridPos": {
        "h": 8,
        "w": 12,
        "x": 0,
        "y": 31
      },
      "id": 42,
      "links": [],
      "scroll": true,
      "showHeader": true,
      "sort": {
        "col": 0,
        "desc": true
      },
      "styles": [
        {
          "alias": "",
          "align": "auto",
          "colors": [
            "rgba(245, 54, 54, 0.9)",
            "rgba(237, 129, 40, 0.89)",
            "rgba(50, 172, 45, 0.97)"
          ],
          "dateFormat": "YYYY-MM-DD HH:mm:ss",
          "decimals": 2,
          "mappingType": 1,
          "pattern": "__name__",
          "thresholds": [],
          "type": "hidden",
          "unit": "short"
        },
        {
          "alias": "Used memory",
          "align": "auto",
          "colors": [
            "rgba(245, 54, 54, 0.9)",
            "rgba(237, 129, 40, 0.89)",
            "rgba(50, 172, 45, 0.97)"
          ],
          "dateFormat": "YYYY-MM-DD HH:mm:ss",
          "decimals": 2,
          "mappingType": 1,
          "pattern": "Value #A",
          "thresholds": [],
          "type": "number",
          "unit": "bytes"
        },
        {
          "alias": "Available memory",
          "align": "auto",
          "colors": [
            "rgba(245, 54, 54, 0.9)",
            "rgba(237, 129, 40, 0.89)",
            "rgba(50, 172, 45, 0.97)"
          ],
          "dateFormat": "YYYY-MM-DD HH:mm:ss",
          "decimals": 2,
          "mappingType": 1,
          "pattern": "Value #B",
          "thresholds": [],
          "type": "number",
          "unit": "bytes"
        },
        {
          "alias": "Limit memory",
          "align": "auto",
          "colors": [
            "rgba(245, 54, 54, 0.9)",
            "rgba(237, 129, 40, 0.89)",
            "rgba(50, 172, 45, 0.97)"
          ],
          "dateFormat": "YYYY-MM-DD HH:mm:ss",
          "decimals": 2,
          "mappingType": 1,
          "pattern": "Value #C",
          "thresholds": [],
          "type": "number",
          "unit": "bytes"
        },
        {
          "alias": "",
          "align": "auto",
          "colors": [
            "rgba(245, 54, 54, 0.9)",
            "rgba(237, 129, 40, 0.89)",
            "rgba(50, 172, 45, 0.97)"
          ],
          "dateFormat": "YYYY-MM-DD HH:mm:ss",
          "decimals": 2,
          "mappingType": 1,
          "pattern": "Time",
          "thresholds": [],
          "type": "hidden",
          "unit": "short"
        }
      ],
      "targets": [
        {
          "expr": "max(container_memory_usage_bytes{name!=\"\",target_resource_name=~\"$target_resource_name\"}) by (name)",
          "format": "table",
          "hide": false,
          "instant": true,
          "intervalFactor": 1,
          "legendFormat": "",
          "refId": "A"
        },
        {
          "expr": "max(container_memory_max_usage_bytes{name!=\"\",target_resource_name=~\"$target_resource_name\"}-container_memory_usage_bytes{name!=\"\",target_resource_name=~\"$target_resource_name\"})by (name)",
          "format": "table",
          "instant": true,
          "intervalFactor": 1,
          "refId": "B"
        },
        {
          "expr": "max(container_memory_max_usage_bytes{name!=\"\",target_resource_name=~\"$target_resource_name\"}) by (name)",
          "format": "table",
          "instant": true,
          "intervalFactor": 1,
          "refId": "C"
        }
      ],
      "title": "Memory usage per container",
      "transform": "table",
      "type": "table-old"
    }
  ],
  "refresh": "30s",
  "schemaVersion": 35,
  "style": "dark",
  "tags": [],
  "templating": {
    "list": [
      {
        "hide": 2,
        "label": "datacenter",
        "name": "datacenter",
        "query": "IAD*",
        "skipUrlSync": false,
        "type": "constant"
      },
      {
        "datasource": {
          "type": "prometheus",
          "uid": "PBFA97CFB590B2093"
        },
        "definition": "label_values(cadvisor_version_info, target_env)",
        "hide": 0,
        "includeAll": false,
        "label": "Environment:",
        "multi": false,
        "name": "target_env",
        "options": [],
        "query": {
          "query": "label_values(cadvisor_version_info, target_env)",
          "refId": "StandardVariableQuery"
        },
        "refresh": 1,
        "regex": "",
        "skipUrlSync": false,
        "sort": 1,
        "tagValuesQuery": "",
        "tagsQuery": "",
        "type": "query",
        "useTags": false
      },
      {
        "datasource": {
          "type": "prometheus",
          "uid": "PBFA97CFB590B2093"
        },
        "definition": "label_values(cadvisor_version_info{target_env=~\"$target_env\"}, target_resource_name)",
        "hide": 0,
        "includeAll": false,
        "label": "Resource Name:",
        "multi": false,
        "name": "target_resource_name",
        "options": [],
        "query": {
          "query": "label_values(cadvisor_version_info{target_env=~\"$target_env\"}, target_resource_name)",
          "refId": "StandardVariableQuery"
        },
        "refresh": 1,
        "regex": "",
        "skipUrlSync": false,
        "sort": 1,
        "tagValuesQuery": "",
        "tagsQuery": "",
        "type": "query",
        "useTags": false
      }
    ]
  },
  "time": {
    "from": "now-5m",
    "to": "now"
  },
  "timepicker": {
    "refresh_intervals": [
      "30s",
      "1m",
      "5m",
      "15m",
      "30m",
      "1h",
      "4h",
      "12h",
      "1d",
      "2d",
      "7d"
    ],
    "time_options": [
      "30s",
      "1m",
      "5m",
      "15m",
      "1h",
      "6h",
      "12h",
      "24h",
      "2d",
      "7d",
      "30d"
    ]
  },
  "timezone": "browser",
  "title": "Docker & containers dashboard (cadvisor)",
  "uid": "_ijPkvW7k",
  "version": 1,
  "weekStart": ""
}
