{
  "annotations": {
    "list": [
      {
        "builtIn": 1,
        "datasource": "-- Grafana --",
        "enable": true,
        "hide": true,
        "iconColor": "rgba(0, 211, 255, 1)",
        "name": "Annotations & Alerts",
        "type": "dashboard"
      },
      {
        "datasource": "Prometheus",
        "enable": true,
        "expr": "count(sum(up{instance=\"$instance\"}) by (instance) < 1)",
        "hide": false,
        "iconColor": "rgba(255, 96, 96, 1)",
        "limit": 100,
        "name": "down",
        "showIn": 0,
        "step": "5m",
        "type": "alert"
      }
    ]
  },
  "description": "Useful for using prometheus to monitor your prometheus",
  "editable": true,
  "gnetId": 3662,
  "graphTooltip": 0,
  "id": 73,
  "iteration": 1626941880482,
  "links": [],
  "panels": [
    {
      "collapsed": false,
      "datasource": "Prometheus",
      "gridPos": {
        "h": 1,
        "w": 24,
        "x": 0,
        "y": 0
      },
      "id": 34,
      "panels": [],
      "repeat": null,
      "title": "at a glance",
      "type": "row"
    },
    {
      "cacheTimeout": null,
      "datasource": "Prometheus",
      "description": "Percentage of uptime during the most recent period.  Change the period with the 'interval' dropdown above.",
      "fieldConfig": {
        "defaults": {
          "color": {
            "mode": "thresholds"
          },
          "decimals": 3,
          "mappings": [],
          "thresholds": {
            "mode": "absolute",
            "steps": [
              {
                "color": "rgba(245, 54, 54, 0.9)",
                "value": null
              },
              {
                "color": "rgba(237, 129, 40, 0.89)",
                "value": 90
              },
              {
                "color": "rgba(50, 172, 45, 0.97)",
                "value": 99
              }
            ]
          },
          "unit": "none"
        },
        "overrides": []
      },
      "gridPos": {
        "h": 7,
        "w": 6,
        "x": 0,
        "y": 1
      },
      "id": 2,
      "interval": null,
      "links": [],
      "maxDataPoints": 100,
      "options": {
        "colorMode": "value",
        "graphMode": "none",
        "justifyMode": "auto",
        "orientation": "horizontal",
        "reduceOptions": {
          "calcs": [
            "lastNotNull"
          ],
          "fields": "",
          "values": false
        },
        "text": {},
        "textMode": "auto"
      },
      "pluginVersion": "8.0.6",
      "targets": [
        {
          "expr": "avg(up{instance=~\"$instance\",job=~\"$job\"} * 100)",
          "format": "time_series",
          "intervalFactor": 2,
          "legendFormat": "",
          "refId": "A",
          "step": 40
        }
      ],
      "title": "Uptime",
      "type": "stat"
    },
    {
      "columns": [],
      "datasource": "Prometheus",
      "description": "Servers which are DOWN RIGHT NOW! \nFIX THEM!!",
      "fontSize": "100%",
      "gridPos": {
        "h": 7,
        "w": 6,
        "x": 6,
        "y": 1
      },
      "hideTimeOverride": true,
      "id": 25,
      "links": [],
      "pageSize": null,
      "scroll": true,
      "showHeader": true,
      "sort": {
        "col": 0,
        "desc": true
      },
      "styles": [
        {
          "alias": "Time",
          "align": "auto",
          "dateFormat": "YYYY-MM-DD HH:mm:ss",
          "pattern": "Time",
          "type": "hidden"
        },
        {
          "alias": "",
          "align": "auto",
          "colorMode": null,
          "colors": [
            "rgba(245, 54, 54, 0.9)",
            "rgba(237, 129, 40, 0.89)",
            "rgba(50, 172, 45, 0.97)"
          ],
          "dateFormat": "YYYY-MM-DD HH:mm:ss",
          "decimals": 2,
          "pattern": "/__name__|job|Value/",
          "thresholds": [],
          "type": "hidden",
          "unit": "short"
        },
        {
          "alias": "   ",
          "align": "auto",
          "colorMode": "cell",
          "colors": [
            "rgba(255, 0, 0, 0.9)",
            "rgba(237, 129, 40, 0.89)",
            "rgba(255, 0, 0, 0.97)"
          ],
          "dateFormat": "YYYY-MM-DD HH:mm:ss",
          "decimals": 2,
          "link": false,
          "pattern": "instance",
          "thresholds": [
            "",
            "",
            ""
          ],
          "type": "string",
          "unit": "short"
        }
      ],
      "targets": [
        {
          "expr": "up{instance=~\"$instance\",job=~\"$job\"} < 1",
          "format": "table",
          "intervalFactor": 2,
          "refId": "A",
          "step": 2
        }
      ],
      "timeFrom": "1s",
      "title": "Currently Down",
      "transform": "table",
      "type": "table-old"
    },
    {
      "cacheTimeout": null,
      "datasource": "Prometheus",
      "description": "Total number of time series in prometheus",
      "fieldConfig": {
        "defaults": {
          "color": {
            "mode": "thresholds"
          },
          "mappings": [],
          "thresholds": {
            "mode": "absolute",
            "steps": [
              {
                "color": "rgba(50, 172, 45, 0.97)",
                "value": null
              },
              {
                "color": "rgba(237, 129, 40, 0.89)",
                "value": 1000000
              },
              {
                "color": "rgba(245, 54, 54, 0.9)",
                "value": 2000000
              }
            ]
          },
          "unit": "none"
        },
        "overrides": []
      },
      "gridPos": {
        "h": 7,
        "w": 6,
        "x": 12,
        "y": 1
      },
      "id": 12,
      "interval": null,
      "links": [],
      "maxDataPoints": 100,
      "options": {
        "colorMode": "value",
        "graphMode": "area",
        "justifyMode": "auto",
        "orientation": "horizontal",
        "reduceOptions": {
          "calcs": [
            "lastNotNull"
          ],
          "fields": "",
          "values": false
        },
        "text": {},
        "textMode": "auto"
      },
      "pluginVersion": "8.0.6",
      "targets": [
        {
          "expr": "sum(prometheus_tsdb_head_series{job=~\"$job\",instance=~\"$instance\"}) OR on() vector(0)",
          "format": "time_series",
          "intervalFactor": 2,
          "refId": "B",
          "step": 40
        }
      ],
      "title": "Total Series",
      "type": "stat"
    },
    {
      "cacheTimeout": null,
      "datasource": "Prometheus",
      "fieldConfig": {
        "defaults": {
          "color": {
            "mode": "thresholds"
          },
          "mappings": [],
          "thresholds": {
            "mode": "absolute",
            "steps": [
              {
                "color": "green",
                "value": null
              },
              {
                "color": "red",
                "value": 80
              }
            ]
          },
          "unit": "none"
        },
        "overrides": []
      },
      "gridPos": {
        "h": 7,
        "w": 6,
        "x": 18,
        "y": 1
      },
      "id": 14,
      "interval": null,
      "links": [],
      "maxDataPoints": 100,
      "options": {
        "colorMode": "value",
        "graphMode": "area",
        "justifyMode": "auto",
        "orientation": "horizontal",
        "reduceOptions": {
          "calcs": [
            "lastNotNull"
          ],
          "fields": "",
          "values": false
        },
        "text": {},
        "textMode": "auto"
      },
      "pluginVersion": "8.0.6",
      "targets": [
        {
          "expr": "sum(prometheus_tsdb_head_chunks{job=~\"$job\",instance=~\"$instance\"}) OR on() vector(0)",
          "format": "time_series",
          "intervalFactor": 2,
          "refId": "B",
          "step": 40
        }
      ],
      "title": "Memory Chunks",
      "type": "stat"
    },
    {
      "collapsed": false,
      "datasource": "Prometheus",
      "gridPos": {
        "h": 1,
        "w": 24,
        "x": 0,
        "y": 8
      },
      "id": 35,
      "panels": [],
      "repeat": null,
      "title": "quick numbers",
      "type": "row"
    },
    {
      "cacheTimeout": null,
      "datasource": "Prometheus",
      "description": "The total number of rule group evaluations missed due to slow rule group evaluation.",
      "fieldConfig": {
        "defaults": {
          "color": {
            "mode": "thresholds"
          },
          "mappings": [],
          "thresholds": {
            "mode": "absolute",
            "steps": [
              {
                "color": "rgba(50, 172, 45, 0.97)",
                "value": null
              },
              {
                "color": "rgba(237, 129, 40, 0.89)",
                "value": 1
              },
              {
                "color": "rgba(245, 54, 54, 0.9)",
                "value": 10
              }
            ]
          },
          "unit": "none"
        },
        "overrides": []
      },
      "gridPos": {
        "h": 7,
        "w": 4,
        "x": 0,
        "y": 9
      },
      "id": 16,
      "interval": null,
      "links": [],
      "maxDataPoints": 100,
      "options": {
        "colorMode": "value",
        "graphMode": "none",
        "justifyMode": "auto",
        "orientation": "horizontal",
        "reduceOptions": {
          "calcs": [
            "lastNotNull"
          ],
          "fields": "",
          "values": false
        },
        "text": {},
        "textMode": "auto"
      },
      "pluginVersion": "8.0.6",
      "targets": [
        {
          "expr": "sum(prometheus_evaluator_iterations_missed_total{job=~\"$job\",instance=~\"$instance\"}) OR on() vector(0)",
          "format": "time_series",
          "intervalFactor": 2,
          "refId": "A",
          "step": 40
        }
      ],
      "title": "Missed Iterations",
      "type": "stat"
    },
    {
      "cacheTimeout": null,
      "datasource": "Prometheus",
      "description": "The total number of rule group evaluations skipped due to throttled metric storage.",
      "fieldConfig": {
        "defaults": {
          "color": {
            "mode": "thresholds"
          },
          "mappings": [],
          "thresholds": {
            "mode": "absolute",
            "steps": [
              {
                "color": "rgba(50, 172, 45, 0.97)",
                "value": null
              },
              {
                "color": "rgba(237, 129, 40, 0.89)",
                "value": 1
              },
              {
                "color": "rgba(245, 54, 54, 0.9)",
                "value": 10
              }
            ]
          },
          "unit": "none"
        },
        "overrides": []
      },
      "gridPos": {
        "h": 7,
        "w": 4,
        "x": 4,
        "y": 9
      },
      "id": 18,
      "interval": null,
      "links": [],
      "maxDataPoints": 100,
      "options": {
        "colorMode": "value",
        "graphMode": "none",
        "justifyMode": "auto",
        "orientation": "horizontal",
        "reduceOptions": {
          "calcs": [
            "lastNotNull"
          ],
          "fields": "",
          "values": false
        },
        "text": {},
        "textMode": "auto"
      },
      "pluginVersion": "8.0.6",
      "targets": [
        {
          "expr": "sum(prometheus_evaluator_iterations_skipped_total{job=~\"$job\",instance=~\"$instance\"}) OR on() vector(0)",
          "format": "time_series",
          "intervalFactor": 2,
          "refId": "A",
          "step": 40
        }
      ],
      "title": "Skipped Iterations",
      "type": "stat"
    },
    {
      "cacheTimeout": null,
      "datasource": "Prometheus",
      "description": "Total number of scrapes that hit the sample limit and were rejected.",
      "fieldConfig": {
        "defaults": {
          "color": {
            "mode": "thresholds"
          },
          "mappings": [],
          "thresholds": {
            "mode": "absolute",
            "steps": [
              {
                "color": "rgba(50, 172, 45, 0.97)",
                "value": null
              },
              {
                "color": "rgba(237, 129, 40, 0.89)",
                "value": 1
              },
              {
                "color": "rgba(245, 54, 54, 0.9)",
                "value": 10
              }
            ]
          },
          "unit": "none"
        },
        "overrides": []
      },
      "gridPos": {
        "h": 7,
        "w": 4,
        "x": 8,
        "y": 9
      },
      "id": 19,
      "interval": null,
      "links": [],
      "maxDataPoints": 100,
      "options": {
        "colorMode": "value",
        "graphMode": "none",
        "justifyMode": "auto",
        "orientation": "horizontal",
        "reduceOptions": {
          "calcs": [
            "lastNotNull"
          ],
          "fields": "",
          "values": false
        },
        "text": {},
        "textMode": "auto"
      },
      "pluginVersion": "8.0.6",
      "targets": [
        {
          "expr": "sum(prometheus_target_scrapes_exceeded_sample_limit_total{job=~\"$job\",instance=~\"$instance\"}) OR on() vector(0)",
          "format": "time_series",
          "intervalFactor": 2,
          "refId": "A",
          "step": 40
        }
      ],
      "title": "Tardy Scrapes",
      "type": "stat"
    },
    {
      "cacheTimeout": null,
      "datasource": "Prometheus",
      "description": "Number of times the database failed to reload block data from disk.",
      "fieldConfig": {
        "defaults": {
          "color": {
            "mode": "thresholds"
          },
          "mappings": [],
          "thresholds": {
            "mode": "absolute",
            "steps": [
              {
                "color": "rgba(50, 172, 45, 0.97)",
                "value": null
              },
              {
                "color": "rgba(237, 129, 40, 0.89)",
                "value": 1
              },
              {
                "color": "rgba(245, 54, 54, 0.9)",
                "value": 10
              }
            ]
          },
          "unit": "none"
        },
        "overrides": []
      },
      "gridPos": {
        "h": 7,
        "w": 4,
        "x": 12,
        "y": 9
      },
      "id": 13,
      "interval": null,
      "links": [],
      "maxDataPoints": 100,
      "options": {
        "colorMode": "value",
        "graphMode": "none",
        "justifyMode": "auto",
        "orientation": "horizontal",
        "reduceOptions": {
          "calcs": [
            "lastNotNull"
          ],
          "fields": "",
          "values": false
        },
        "text": {},
        "textMode": "auto"
      },
      "pluginVersion": "8.0.6",
      "targets": [
        {
          "expr": "sum(prometheus_tsdb_reloads_failures_total{job=~\"$job\",instance=~\"$instance\"}) OR on() vector(0)",
          "format": "time_series",
          "intervalFactor": 2,
          "refId": "A",
          "step": 40
        }
      ],
      "title": "Reload Failures",
      "type": "stat"
    },
    {
      "cacheTimeout": null,
      "datasource": "Prometheus",
      "description": "Sum of all skipped scrapes",
      "fieldConfig": {
        "defaults": {
          "color": {
            "mode": "thresholds"
          },
          "mappings": [],
          "thresholds": {
            "mode": "absolute",
            "steps": [
              {
                "color": "rgba(50, 172, 45, 0.97)",
                "value": null
              },
              {
                "color": "rgba(237, 129, 40, 0.89)",
                "value": 1
              },
              {
                "color": "rgba(245, 54, 54, 0.9)",
                "value": 10
              }
            ]
          },
          "unit": "none"
        },
        "overrides": []
      },
      "gridPos": {
        "h": 7,
        "w": 8,
        "x": 16,
        "y": 9
      },
      "id": 20,
      "interval": null,
      "links": [],
      "maxDataPoints": 100,
      "options": {
        "colorMode": "value",
        "graphMode": "none",
        "justifyMode": "auto",
        "orientation": "horizontal",
        "reduceOptions": {
          "calcs": [
            "lastNotNull"
          ],
          "fields": "",
          "values": false
        },
        "text": {},
        "textMode": "auto"
      },
      "pluginVersion": "8.0.6",
      "targets": [
        {
          "expr": "sum(prometheus_target_scrapes_exceeded_sample_limit_total{job=~\"$job\",instance=~\"$instance\"}) + \nsum(prometheus_target_scrapes_sample_duplicate_timestamp_total{job=~\"$job\",instance=~\"$instance\"}) + \nsum(prometheus_target_scrapes_sample_out_of_bounds_total{job=~\"$job\",instance=~\"$instance\"}) + \nsum(prometheus_target_scrapes_sample_out_of_order_total{job=~\"$job\",instance=~\"$instance\"}) OR on() vector(0)",
          "format": "time_series",
          "intervalFactor": 2,
          "refId": "A",
          "step": 40
        }
      ],
      "title": "Skipped Scrapes",
      "type": "stat"
    },
    {
      "collapsed": false,
      "datasource": "Prometheus",
      "gridPos": {
        "h": 1,
        "w": 24,
        "x": 0,
        "y": 16
      },
      "id": 36,
      "panels": [],
      "repeat": null,
      "title": "errors",
      "type": "row"
    },
    {
      "aliasColors": {},
      "bars": false,
      "dashLength": 10,
      "dashes": false,
      "datasource": "Prometheus",
      "description": "All non-zero failures and errors",
      "fill": 1,
      "fillGradient": 0,
      "gridPos": {
        "h": 7,
        "w": 24,
        "x": 0,
        "y": 17
      },
      "hiddenSeries": false,
      "id": 33,
      "legend": {
        "avg": false,
        "current": false,
        "max": false,
        "min": false,
        "show": true,
        "total": false,
        "values": false
      },
      "lines": true,
      "linewidth": 1,
      "links": [],
      "nullPointMode": "null",
      "options": {
        "alertThreshold": true
      },
      "percentage": false,
      "pluginVersion": "8.0.6",
      "pointradius": 5,
      "points": false,
      "renderer": "flot",
      "seriesOverrides": [],
      "spaceLength": 10,
      "stack": false,
      "steppedLine": false,
      "targets": [
        {
          "expr": "sum(increase(net_conntrack_dialer_conn_failed_total{instance=~\"$instance\"}[5m])) > 0",
          "format": "time_series",
          "intervalFactor": 2,
          "legendFormat": "Failed Connections",
          "refId": "A",
          "step": 2
        },
        {
          "expr": "sum(increase(prometheus_evaluator_iterations_missed_total{instance=~\"$instance\"}[5m])) > 0",
          "format": "time_series",
          "intervalFactor": 2,
          "legendFormat": "Missed Iterations",
          "refId": "B",
          "step": 2
        },
        {
          "expr": "sum(increase(prometheus_evaluator_iterations_skipped_total{instance=~\"$instance\"}[5m])) > 0",
          "format": "time_series",
          "intervalFactor": 2,
          "legendFormat": "Skipped Iterations",
          "refId": "C",
          "step": 2
        },
        {
          "expr": "sum(increase(prometheus_rule_evaluation_failures_total{instance=~\"$instance\"}[5m])) > 0",
          "format": "time_series",
          "intervalFactor": 2,
          "legendFormat": "Evaluation",
          "refId": "D",
          "step": 2
        },
        {
          "expr": "sum(increase(prometheus_sd_azure_refresh_failures_total{instance=~\"$instance\"}[5m])) > 0",
          "format": "time_series",
          "intervalFactor": 2,
          "legendFormat": "Azure Refresh",
          "refId": "E",
          "step": 2
        },
        {
          "expr": "sum(increase(prometheus_sd_consul_rpc_failures_total{instance=~\"$instance\"}[5m])) > 0",
          "format": "time_series",
          "intervalFactor": 2,
          "legendFormat": "Consul RPC",
          "refId": "F",
          "step": 2
        },
        {
          "expr": "sum(increase(prometheus_sd_dns_lookup_failures_total{instance=~\"$instance\"}[5m])) > 0",
          "format": "time_series",
          "intervalFactor": 2,
          "legendFormat": "DNS Lookup",
          "refId": "G",
          "step": 2
        },
        {
          "expr": "sum(increase(prometheus_sd_ec2_refresh_failures_total{instance=~\"$instance\"}[5m])) > 0",
          "format": "time_series",
          "intervalFactor": 2,
          "legendFormat": "EC2 Refresh",
          "refId": "H",
          "step": 2
        },
        {
          "expr": "sum(increase(prometheus_sd_gce_refresh_failures_total{instance=~\"$instance\"}[5m])) > 0",
          "format": "time_series",
          "intervalFactor": 2,
          "legendFormat": "GCE Refresh",
          "refId": "I",
          "step": 2
        },
        {
          "expr": "sum(increase(prometheus_sd_marathon_refresh_failures_total{instance=~\"$instance\"}[5m])) > 0",
          "format": "time_series",
          "intervalFactor": 2,
          "legendFormat": "Marathon Refresh",
          "refId": "J",
          "step": 2
        },
        {
          "expr": "sum(increase(prometheus_sd_openstack_refresh_failures_total{instance=~\"$instance\"}[5m])) > 0",
          "format": "time_series",
          "intervalFactor": 2,
          "legendFormat": "Openstack Refresh",
          "refId": "K",
          "step": 2
        },
        {
          "expr": "sum(increase(prometheus_sd_triton_refresh_failures_total{instance=~\"$instance\"}[5m])) > 0",
          "format": "time_series",
          "intervalFactor": 2,
          "legendFormat": "Triton Refresh",
          "refId": "L",
          "step": 2
        },
        {
          "expr": "sum(increase(prometheus_target_scrapes_exceeded_sample_limit_total{instance=~\"$instance\"}[5m])) > 0",
          "format": "time_series",
          "intervalFactor": 2,
          "legendFormat": "Sample Limit",
          "refId": "M",
          "step": 2
        },
        {
          "expr": "sum(increase(prometheus_target_scrapes_sample_duplicate_timestamp_total{instance=~\"$instance\"}[5m])) > 0",
          "format": "time_series",
          "intervalFactor": 2,
          "legendFormat": "Duplicate Timestamp",
          "refId": "N",
          "step": 2
        },
        {
          "expr": "sum(increase(prometheus_target_scrapes_sample_out_of_bounds_total{instance=~\"$instance\"}[5m])) > 0",
          "format": "time_series",
          "intervalFactor": 2,
          "legendFormat": "Timestamp Out of Bounds",
          "refId": "O",
          "step": 2
        },
        {
          "expr": "sum(increase(prometheus_target_scrapes_sample_out_of_order_total{instance=~\"$instance\"}[5m])) > 0",
          "format": "time_series",
          "intervalFactor": 2,
          "legendFormat": "Sample Out of Order",
          "refId": "P",
          "step": 2
        },
        {
          "expr": "sum(increase(prometheus_treecache_zookeeper_failures_total{instance=~\"$instance\"}[5m])) > 0",
          "format": "time_series",
          "intervalFactor": 2,
          "legendFormat": "Zookeeper",
          "refId": "Q",
          "step": 2
        },
        {
          "expr": "sum(increase(prometheus_tsdb_compactions_failed_total{instance=~\"$instance\"}[5m])) > 0",
          "format": "time_series",
          "intervalFactor": 2,
          "legendFormat": "TSDB Compactions",
          "refId": "R",
          "step": 2
        },
        {
          "expr": "sum(increase(prometheus_tsdb_head_series_not_found{instance=~\"$instance\"}[5m])) > 0",
          "format": "time_series",
          "intervalFactor": 2,
          "legendFormat": "Series Not Found",
          "refId": "S",
          "step": 2
        },
        {
          "expr": "sum(increase(prometheus_tsdb_reloads_failures_total{instance=~\"$instance\"}[5m])) > 0",
          "format": "time_series",
          "intervalFactor": 2,
          "legendFormat": "Reload",
          "refId": "T",
          "step": 2
        }
      ],
      "thresholds": [],
      "timeFrom": null,
      "timeRegions": [],
      "timeShift": null,
      "title": "Failures and Errors",
      "tooltip": {
        "shared": true,
        "sort": 0,
        "value_type": "individual"
      },
      "type": "graph",
      "xaxis": {
        "buckets": null,
        "mode": "time",
        "name": null,
        "show": true,
        "values": []
      },
      "yaxes": [
        {
          "format": "short",
          "label": "Errors",
          "logBase": 1,
          "max": null,
          "min": "0",
          "show": true
        },
        {
          "format": "short",
          "label": null,
          "logBase": 1,
          "max": null,
          "min": null,
          "show": true
        }
      ],
      "yaxis": {
        "align": false,
        "alignLevel": null
      }
    },
    {
      "collapsed": false,
      "datasource": "Prometheus",
      "gridPos": {
        "h": 1,
        "w": 24,
        "x": 0,
        "y": 24
      },
      "id": 37,
      "panels": [],
      "repeat": null,
      "title": "up",
      "type": "row"
    },
    {
      "aliasColors": {},
      "bars": false,
      "dashLength": 10,
      "dashes": false,
      "datasource": "Prometheus",
      "fill": 1,
      "fillGradient": 0,
      "gridPos": {
        "h": 7,
        "w": 12,
        "x": 0,
        "y": 25
      },
      "hiddenSeries": false,
      "id": 1,
      "legend": {
        "avg": false,
        "current": false,
        "max": false,
        "min": false,
        "show": true,
        "total": false,
        "values": false
      },
      "lines": true,
      "linewidth": 1,
      "links": [],
      "nullPointMode": "null",
      "options": {
        "alertThreshold": true
      },
      "percentage": false,
      "pluginVersion": "8.0.6",
      "pointradius": 5,
      "points": false,
      "renderer": "flot",
      "seriesOverrides": [],
      "spaceLength": 10,
      "stack": true,
      "steppedLine": false,
      "targets": [
        {
          "expr": "up{instance=~\"$instance\",job=~\"$job\"}",
          "format": "time_series",
          "interval": "",
          "intervalFactor": 1,
          "legendFormat": "{{instance}}",
          "refId": "A",
          "step": 2
        }
      ],
      "thresholds": [],
      "timeFrom": null,
      "timeRegions": [],
      "timeShift": null,
      "title": "Upness (stacked)",
      "tooltip": {
        "shared": true,
        "sort": 0,
        "value_type": "individual"
      },
      "type": "graph",
      "xaxis": {
        "buckets": null,
        "mode": "time",
        "name": null,
        "show": true,
        "values": []
      },
      "yaxes": [
        {
          "decimals": 0,
          "format": "none",
          "label": "Up",
          "logBase": 1,
          "max": null,
          "min": "0",
          "show": true
        },
        {
          "format": "short",
          "label": null,
          "logBase": 1,
          "max": null,
          "min": null,
          "show": false
        }
      ],
      "yaxis": {
        "align": false,
        "alignLevel": null
      }
    },
    {
      "aliasColors": {},
      "bars": false,
      "dashLength": 10,
      "dashes": false,
      "datasource": "Prometheus",
      "fill": 1,
      "fillGradient": 0,
      "gridPos": {
        "h": 7,
        "w": 12,
        "x": 12,
        "y": 25
      },
      "hiddenSeries": false,
      "id": 5,
      "legend": {
        "avg": false,
        "current": false,
        "max": false,
        "min": false,
        "show": true,
        "total": false,
        "values": false
      },
      "lines": true,
      "linewidth": 1,
      "links": [],
      "nullPointMode": "null",
      "options": {
        "alertThreshold": true
      },
      "percentage": false,
      "pluginVersion": "8.0.6",
      "pointradius": 5,
      "points": false,
      "renderer": "flot",
      "seriesOverrides": [],
      "spaceLength": 10,
      "stack": false,
      "steppedLine": false,
      "targets": [
        {
          "expr": "prometheus_tsdb_head_chunks{job=~\"$job\",instance=~\"$instance\"}",
          "format": "time_series",
          "intervalFactor": 2,
          "legendFormat": "{{instance}}",
          "refId": "A",
          "step": 4
        }
      ],
      "thresholds": [],
      "timeFrom": null,
      "timeRegions": [],
      "timeShift": null,
      "title": "Storage Memory Chunks",
      "tooltip": {
        "shared": true,
        "sort": 0,
        "value_type": "individual"
      },
      "type": "graph",
      "xaxis": {
        "buckets": null,
        "mode": "time",
        "name": null,
        "show": true,
        "values": []
      },
      "yaxes": [
        {
          "format": "short",
          "label": "Chunks",
          "logBase": 1,
          "max": null,
          "min": "0",
          "show": true
        },
        {
          "format": "short",
          "label": null,
          "logBase": 1,
          "max": null,
          "min": null,
          "show": true
        }
      ],
      "yaxis": {
        "align": false,
        "alignLevel": null
      }
    },
    {
      "collapsed": false,
      "datasource": "Prometheus",
      "gridPos": {
        "h": 1,
        "w": 24,
        "x": 0,
        "y": 32
      },
      "id": 38,
      "panels": [],
      "repeat": null,
      "title": "series",
      "type": "row"
    },
    {
      "aliasColors": {},
      "bars": false,
      "dashLength": 10,
      "dashes": false,
      "datasource": "Prometheus",
      "fill": 1,
      "fillGradient": 0,
      "gridPos": {
        "h": 7,
        "w": 12,
        "x": 0,
        "y": 33
      },
      "hiddenSeries": false,
      "id": 3,
      "legend": {
        "avg": false,
        "current": false,
        "max": false,
        "min": false,
        "show": true,
        "total": false,
        "values": false
      },
      "lines": true,
      "linewidth": 1,
      "links": [],
      "nullPointMode": "null",
      "options": {
        "alertThreshold": true
      },
      "percentage": false,
      "pluginVersion": "8.0.6",
      "pointradius": 5,
      "points": false,
      "renderer": "flot",
      "seriesOverrides": [],
      "spaceLength": 10,
      "stack": false,
      "steppedLine": false,
      "targets": [
        {
          "expr": "prometheus_tsdb_head_series{job=~\"$job\",instance=~\"$instance\"}",
          "format": "time_series",
          "intervalFactor": 2,
          "legendFormat": "{{instance}}",
          "refId": "A",
          "step": 4
        }
      ],
      "thresholds": [],
      "timeFrom": null,
      "timeRegions": [],
      "timeShift": null,
      "title": "Series Count",
      "tooltip": {
        "shared": true,
        "sort": 0,
        "value_type": "individual"
      },
      "type": "graph",
      "xaxis": {
        "buckets": null,
        "mode": "time",
        "name": null,
        "show": true,
        "values": []
      },
      "yaxes": [
        {
          "format": "short",
          "label": "Series",
          "logBase": 1,
          "max": null,
          "min": "0",
          "show": true
        },
        {
          "format": "short",
          "label": null,
          "logBase": 1,
          "max": null,
          "min": null,
          "show": true
        }
      ],
      "yaxis": {
        "align": false,
        "alignLevel": null
      }
    },
    {
      "aliasColors": {},
      "bars": false,
      "dashLength": 10,
      "dashes": false,
      "datasource": "Prometheus",
      "fill": 1,
      "fillGradient": 0,
      "gridPos": {
        "h": 7,
        "w": 12,
        "x": 12,
        "y": 33
      },
      "hiddenSeries": false,
      "id": 32,
      "legend": {
        "avg": false,
        "current": false,
        "max": false,
        "min": false,
        "show": true,
        "total": false,
        "values": false
      },
      "lines": true,
      "linewidth": 1,
      "links": [],
      "nullPointMode": "null",
      "options": {
        "alertThreshold": true
      },
      "percentage": false,
      "pluginVersion": "8.0.6",
      "pointradius": 5,
      "points": false,
      "renderer": "flot",
      "seriesOverrides": [
        {
          "alias": "removed",
          "transform": "negative-Y"
        }
      ],
      "spaceLength": 10,
      "stack": false,
      "steppedLine": false,
      "targets": [
        {
          "expr": "sum( increase(prometheus_tsdb_head_series_created_total{instance=~\"$instance\"}[5m]) )",
          "format": "time_series",
          "intervalFactor": 2,
          "legendFormat": "created",
          "refId": "A",
          "step": 4
        },
        {
          "expr": "sum( increase(prometheus_tsdb_head_series_removed_total{instance=~\"$instance\"}[5m]) )",
          "format": "time_series",
          "intervalFactor": 2,
          "legendFormat": "removed",
          "refId": "B",
          "step": 4
        }
      ],
      "thresholds": [],
      "timeFrom": null,
      "timeRegions": [],
      "timeShift": null,
      "title": "Series Created / Removed",
      "tooltip": {
        "shared": true,
        "sort": 0,
        "value_type": "individual"
      },
      "type": "graph",
      "xaxis": {
        "buckets": null,
        "mode": "time",
        "name": null,
        "show": true,
        "values": []
      },
      "yaxes": [
        {
          "format": "short",
          "label": "Series Count",
          "logBase": 1,
          "max": null,
          "min": null,
          "show": true
        },
        {
          "format": "short",
          "label": null,
          "logBase": 1,
          "max": null,
          "min": null,
          "show": true
        }
      ],
      "yaxis": {
        "align": false,
        "alignLevel": null
      }
    },
    {
      "collapsed": false,
      "datasource": "Prometheus",
      "gridPos": {
        "h": 1,
        "w": 24,
        "x": 0,
        "y": 40
      },
      "id": 39,
      "panels": [],
      "repeat": null,
      "title": "appended samples",
      "type": "row"
    },
    {
      "aliasColors": {
        "10.58.3.10:80": "#BA43A9"
      },
      "bars": false,
      "dashLength": 10,
      "dashes": false,
      "datasource": "Prometheus",
      "description": "Rate of total number of appended samples",
      "fill": 1,
      "fillGradient": 0,
      "gridPos": {
        "h": 7,
        "w": 24,
        "x": 0,
        "y": 41
      },
      "hiddenSeries": false,
      "id": 4,
      "legend": {
        "avg": false,
        "current": false,
        "max": false,
        "min": false,
        "show": true,
        "total": false,
        "values": false
      },
      "lines": true,
      "linewidth": 1,
      "links": [],
      "nullPointMode": "null",
      "options": {
        "alertThreshold": true
      },
      "percentage": false,
      "pluginVersion": "8.0.6",
      "pointradius": 5,
      "points": false,
      "renderer": "flot",
      "seriesOverrides": [],
      "spaceLength": 10,
      "stack": false,
      "steppedLine": false,
      "targets": [
        {
          "expr": "rate(prometheus_tsdb_head_samples_appended_total{job=~\"$job\",instance=~\"$instance\"}[1m])",
          "format": "time_series",
          "intervalFactor": 2,
          "legendFormat": "{{instance}}",
          "refId": "A",
          "step": 2
        }
      ],
      "thresholds": [],
      "timeFrom": null,
      "timeRegions": [],
      "timeShift": null,
      "title": "Appended Samples per Second",
      "tooltip": {
        "shared": true,
        "sort": 0,
        "value_type": "individual"
      },
      "type": "graph",
      "xaxis": {
        "buckets": null,
        "mode": "time",
        "name": null,
        "show": true,
        "values": []
      },
      "yaxes": [
        {
          "format": "short",
          "label": "Samples / Second",
          "logBase": 1,
          "max": null,
          "min": "0",
          "show": true
        },
        {
          "format": "short",
          "label": null,
          "logBase": 1,
          "max": null,
          "min": null,
          "show": true
        }
      ],
      "yaxis": {
        "align": false,
        "alignLevel": null
      }
    },
    {
      "collapsed": false,
      "datasource": "Prometheus",
      "gridPos": {
        "h": 1,
        "w": 24,
        "x": 0,
        "y": 48
      },
      "id": 40,
      "panels": [],
      "repeat": null,
      "title": "sync",
      "type": "row"
    },
    {
      "aliasColors": {},
      "bars": false,
      "dashLength": 10,
      "dashes": false,
      "datasource": "Prometheus",
      "description": "Total number of syncs that were executed on a scrape pool.",
      "fill": 1,
      "fillGradient": 0,
      "gridPos": {
        "h": 7,
        "w": 12,
        "x": 0,
        "y": 49
      },
      "hiddenSeries": false,
      "id": 6,
      "legend": {
        "avg": false,
        "current": false,
        "max": false,
        "min": false,
        "show": true,
        "total": false,
        "values": false
      },
      "lines": true,
      "linewidth": 1,
      "links": [],
      "nullPointMode": "null",
      "options": {
        "alertThreshold": true
      },
      "percentage": false,
      "pluginVersion": "8.0.6",
      "pointradius": 5,
      "points": false,
      "renderer": "flot",
      "seriesOverrides": [],
      "spaceLength": 10,
      "stack": false,
      "steppedLine": false,
      "targets": [
        {
          "expr": "sum(prometheus_target_scrape_pool_sync_total{job=~\"$job\",instance=~\"$instance\"}) by (scrape_job)",
          "format": "time_series",
          "hide": false,
          "intervalFactor": 2,
          "legendFormat": "{{scrape_job}}",
          "refId": "B",
          "step": 4
        }
      ],
      "thresholds": [],
      "timeFrom": null,
      "timeRegions": [],
      "timeShift": null,
      "title": "Scrape Sync Total",
      "tooltip": {
        "shared": true,
        "sort": 0,
        "value_type": "individual"
      },
      "type": "graph",
      "xaxis": {
        "buckets": null,
        "mode": "time",
        "name": null,
        "show": true,
        "values": []
      },
      "yaxes": [
        {
          "format": "short",
          "label": "Syncs",
          "logBase": 1,
          "max": null,
          "min": "0",
          "show": true
        },
        {
          "format": "short",
          "label": null,
          "logBase": 1,
          "max": null,
          "min": null,
          "show": true
        }
      ],
      "yaxis": {
        "align": false,
        "alignLevel": null
      }
    },
    {
      "aliasColors": {},
      "bars": false,
      "dashLength": 10,
      "dashes": false,
      "datasource": "Prometheus",
      "description": "Actual interval to sync the scrape pool.",
      "fill": 1,
      "fillGradient": 0,
      "gridPos": {
        "h": 7,
        "w": 12,
        "x": 12,
        "y": 49
      },
      "hiddenSeries": false,
      "id": 21,
      "legend": {
        "avg": false,
        "current": false,
        "max": false,
        "min": false,
        "show": true,
        "total": false,
        "values": false
      },
      "lines": true,
      "linewidth": 1,
      "links": [],
      "nullPointMode": "null",
      "options": {
        "alertThreshold": true
      },
      "percentage": false,
      "pluginVersion": "8.0.6",
      "pointradius": 5,
      "points": false,
      "renderer": "flot",
      "seriesOverrides": [],
      "spaceLength": 10,
      "stack": false,
      "steppedLine": false,
      "targets": [
        {
          "expr": "sum(rate(prometheus_target_sync_length_seconds_sum{job=~\"$job\",instance=~\"$instance\"}[2m])) by (scrape_job) * 1000",
          "format": "time_series",
          "intervalFactor": 2,
          "legendFormat": "{{scrape_job}}",
          "refId": "A",
          "step": 4
        }
      ],
      "thresholds": [],
      "timeFrom": null,
      "timeRegions": [],
      "timeShift": null,
      "title": "Target Sync",
      "tooltip": {
        "shared": true,
        "sort": 0,
        "value_type": "individual"
      },
      "type": "graph",
      "xaxis": {
        "buckets": null,
        "mode": "time",
        "name": null,
        "show": true,
        "values": []
      },
      "yaxes": [
        {
          "format": "short",
          "label": "Milliseconds",
          "logBase": 1,
          "max": null,
          "min": "0",
          "show": true
        },
        {
          "format": "short",
          "label": null,
          "logBase": 1,
          "max": null,
          "min": null,
          "show": true
        }
      ],
      "yaxis": {
        "align": false,
        "alignLevel": null
      }
    },
    {
      "collapsed": false,
      "datasource": "Prometheus",
      "gridPos": {
        "h": 1,
        "w": 24,
        "x": 0,
        "y": 56
      },
      "id": 41,
      "panels": [],
      "repeat": null,
      "title": "scrapes",
      "type": "row"
    },
    {
      "aliasColors": {},
      "bars": false,
      "dashLength": 10,
      "dashes": false,
      "datasource": "Prometheus",
      "fill": 1,
      "fillGradient": 0,
      "gridPos": {
        "h": 7,
        "w": 12,
        "x": 0,
        "y": 57
      },
      "hiddenSeries": false,
      "id": 29,
      "legend": {
        "avg": false,
        "current": false,
        "max": false,
        "min": false,
        "show": true,
        "total": false,
        "values": false
      },
      "lines": true,
      "linewidth": 1,
      "links": [],
      "nullPointMode": "null",
      "options": {
        "alertThreshold": true
      },
      "percentage": false,
      "pluginVersion": "8.0.6",
      "pointradius": 5,
      "points": false,
      "renderer": "flot",
      "seriesOverrides": [],
      "spaceLength": 10,
      "stack": false,
      "steppedLine": false,
      "targets": [
        {
          "expr": "scrape_duration_seconds{instance=~\"$instance\"}",
          "format": "time_series",
          "intervalFactor": 2,
          "legendFormat": "{{instance}}",
          "refId": "A",
          "step": 4
        }
      ],
      "thresholds": [],
      "timeFrom": null,
      "timeRegions": [],
      "timeShift": null,
      "title": "Scrape Duration",
      "tooltip": {
        "shared": true,
        "sort": 0,
        "value_type": "individual"
      },
      "type": "graph",
      "xaxis": {
        "buckets": null,
        "mode": "time",
        "name": null,
        "show": true,
        "values": []
      },
      "yaxes": [
        {
          "format": "short",
          "label": "Seconds",
          "logBase": 1,
          "max": null,
          "min": null,
          "show": true
        },
        {
          "format": "short",
          "label": null,
          "logBase": 1,
          "max": null,
          "min": null,
          "show": true
        }
      ],
      "yaxis": {
        "align": false,
        "alignLevel": null
      }
    },
    {
      "aliasColors": {},
      "bars": false,
      "dashLength": 10,
      "dashes": false,
      "datasource": "Prometheus",
      "description": "Total number of rejected scrapes",
      "fill": 1,
      "fillGradient": 0,
      "gridPos": {
        "h": 7,
        "w": 12,
        "x": 12,
        "y": 57
      },
      "hiddenSeries": false,
      "id": 30,
      "legend": {
        "avg": false,
        "current": false,
        "max": false,
        "min": false,
        "show": true,
        "total": false,
        "values": false
      },
      "lines": true,
      "linewidth": 1,
      "links": [],
      "nullPointMode": "null",
      "options": {
        "alertThreshold": true
      },
      "percentage": false,
      "pluginVersion": "8.0.6",
      "pointradius": 5,
      "points": false,
      "renderer": "flot",
      "seriesOverrides": [],
      "spaceLength": 10,
      "stack": false,
      "steppedLine": false,
      "targets": [
        {
          "expr": "sum(prometheus_target_scrapes_exceeded_sample_limit_total{job=~\"$job\",instance=~\"$instance\"})",
          "format": "time_series",
          "intervalFactor": 2,
          "legendFormat": "exceeded sample limit",
          "refId": "A",
          "step": 4
        },
        {
          "expr": "sum(prometheus_target_scrapes_sample_duplicate_timestamp_total{job=~\"$job\",instance=~\"$instance\"})",
          "format": "time_series",
          "hide": false,
          "intervalFactor": 2,
          "legendFormat": "duplicate timestamp",
          "refId": "B",
          "step": 4
        },
        {
          "expr": "sum(prometheus_target_scrapes_sample_out_of_bounds_total{job=~\"$job\",instance=~\"$instance\"})",
          "format": "time_series",
          "hide": false,
          "intervalFactor": 2,
          "legendFormat": "out of bounds",
          "refId": "C",
          "step": 4
        },
        {
          "expr": "sum(prometheus_target_scrapes_sample_out_of_order_total{job=~\"$job\",instance=~\"$instance\"}) ",
          "format": "time_series",
          "hide": false,
          "intervalFactor": 2,
          "legendFormat": "out of order",
          "refId": "D",
          "step": 4
        }
      ],
      "thresholds": [],
      "timeFrom": null,
      "timeRegions": [],
      "timeShift": null,
      "title": "Rejected Scrapes",
      "tooltip": {
        "shared": true,
        "sort": 0,
        "value_type": "individual"
      },
      "type": "graph",
      "xaxis": {
        "buckets": null,
        "mode": "time",
        "name": null,
        "show": true,
        "values": []
      },
      "yaxes": [
        {
          "decimals": 0,
          "format": "short",
          "label": "Scrapes",
          "logBase": 1,
          "max": null,
          "min": "0",
          "show": true
        },
        {
          "format": "short",
          "label": null,
          "logBase": 1,
          "max": null,
          "min": null,
          "show": true
        }
      ],
      "yaxis": {
        "align": false,
        "alignLevel": null
      }
    },
    {
      "collapsed": false,
      "datasource": "Prometheus",
      "gridPos": {
        "h": 1,
        "w": 24,
        "x": 0,
        "y": 64
      },
      "id": 42,
      "panels": [],
      "repeat": null,
      "title": "durations",
      "type": "row"
    },
    {
      "aliasColors": {},
      "bars": false,
      "dashLength": 10,
      "dashes": false,
      "datasource": "Prometheus",
      "description": "The duration of rule group evaluations",
      "fill": 1,
      "fillGradient": 0,
      "gridPos": {
        "h": 7,
        "w": 12,
        "x": 0,
        "y": 65
      },
      "hiddenSeries": false,
      "id": 10,
      "legend": {
        "avg": false,
        "current": false,
        "max": false,
        "min": false,
        "show": true,
        "total": false,
        "values": false
      },
      "lines": true,
      "linewidth": 1,
      "links": [],
      "nullPointMode": "null",
      "options": {
        "alertThreshold": true
      },
      "percentage": false,
      "pluginVersion": "8.0.6",
      "pointradius": 5,
      "points": false,
      "renderer": "flot",
      "seriesOverrides": [],
      "spaceLength": 10,
      "stack": false,
      "steppedLine": false,
      "targets": [
        {
          "expr": "1000 * rate(prometheus_evaluator_duration_seconds_sum{job=~\"$job\", instance=~\"$instance\"}[5m]) / rate(prometheus_evaluator_duration_seconds_count{job=~\"$job\", instance=~\"$instance\"}[5m])",
          "format": "time_series",
          "intervalFactor": 2,
          "legendFormat": "{{instance}}",
          "refId": "E",
          "step": 4
        }
      ],
      "thresholds": [],
      "timeFrom": null,
      "timeRegions": [],
      "timeShift": null,
      "title": "Average Rule Evaluation Duration",
      "tooltip": {
        "shared": true,
        "sort": 0,
        "value_type": "individual"
      },
      "type": "graph",
      "xaxis": {
        "buckets": null,
        "mode": "time",
        "name": null,
        "show": true,
        "values": []
      },
      "yaxes": [
        {
          "format": "short",
          "label": "Milliseconds",
          "logBase": 1,
          "max": null,
          "min": "0",
          "show": true
        },
        {
          "format": "short",
          "label": null,
          "logBase": 1,
          "max": null,
          "min": null,
          "show": true
        }
      ],
      "yaxis": {
        "align": false,
        "alignLevel": null
      }
    },
    {
      "aliasColors": {},
      "bars": false,
      "dashLength": 10,
      "dashes": false,
      "datasource": "Prometheus",
      "fill": 1,
      "fillGradient": 0,
      "gridPos": {
        "h": 7,
        "w": 12,
        "x": 12,
        "y": 65
      },
      "hiddenSeries": false,
      "id": 11,
      "legend": {
        "avg": false,
        "current": false,
        "max": false,
        "min": false,
        "show": true,
        "total": false,
        "values": false
      },
      "lines": true,
      "linewidth": 1,
      "links": [],
      "nullPointMode": "null",
      "options": {
        "alertThreshold": true
      },
      "percentage": false,
      "pluginVersion": "8.0.6",
      "pointradius": 5,
      "points": false,
      "renderer": "flot",
      "seriesOverrides": [],
      "spaceLength": 10,
      "stack": false,
      "steppedLine": false,
      "targets": [
        {
          "expr": "sum(rate(http_request_duration_microseconds_count{job=~\"$job\",instance=~\"$instance\"}[1m])) by (handler) > 0",
          "format": "time_series",
          "intervalFactor": 2,
          "legendFormat": "{{handler}}",
          "refId": "A",
          "step": 4
        }
      ],
      "thresholds": [],
      "timeFrom": null,
      "timeRegions": [],
      "timeShift": null,
      "title": "HTTP Request Duration",
      "tooltip": {
        "shared": true,
        "sort": 0,
        "value_type": "individual"
      },
      "type": "graph",
      "xaxis": {
        "buckets": null,
        "mode": "time",
        "name": null,
        "show": true,
        "values": []
      },
      "yaxes": [
        {
          "format": "short",
          "label": "Microseconds",
          "logBase": 1,
          "max": null,
          "min": null,
          "show": true
        },
        {
          "format": "short",
          "label": null,
          "logBase": 1,
          "max": null,
          "min": null,
          "show": true
        }
      ],
      "yaxis": {
        "align": false,
        "alignLevel": null
      }
    },
    {
      "aliasColors": {},
      "bars": false,
      "dashLength": 10,
      "dashes": false,
      "datasource": "Prometheus",
      "fill": 1,
      "fillGradient": 0,
      "gridPos": {
        "h": 7,
        "w": 12,
        "x": 0,
        "y": 72
      },
      "hiddenSeries": false,
      "id": 15,
      "legend": {
        "avg": false,
        "current": false,
        "max": false,
        "min": false,
        "show": true,
        "total": false,
        "values": false
      },
      "lines": true,
      "linewidth": 1,
      "links": [],
      "nullPointMode": "null",
      "options": {
        "alertThreshold": true
      },
      "percentage": false,
      "pluginVersion": "8.0.6",
      "pointradius": 5,
      "points": false,
      "renderer": "flot",
      "seriesOverrides": [],
      "spaceLength": 10,
      "stack": false,
      "steppedLine": false,
      "targets": [
        {
          "expr": "sum(prometheus_engine_query_duration_seconds_sum{job=~\"$job\",instance=~\"$instance\"}) by (slice)",
          "format": "time_series",
          "intervalFactor": 2,
          "legendFormat": "{{slice}}",
          "refId": "A",
          "step": 4
        }
      ],
      "thresholds": [],
      "timeFrom": null,
      "timeRegions": [],
      "timeShift": null,
      "title": "Prometheus Engine Query Duration Seconds",
      "tooltip": {
        "shared": true,
        "sort": 0,
        "value_type": "individual"
      },
      "type": "graph",
      "xaxis": {
        "buckets": null,
        "mode": "time",
        "name": null,
        "show": true,
        "values": []
      },
      "yaxes": [
        {
          "format": "short",
          "label": "Seconds",
          "logBase": 1,
          "max": null,
          "min": "0",
          "show": true
        },
        {
          "format": "short",
          "label": null,
          "logBase": 1,
          "max": null,
          "min": null,
          "show": true
        }
      ],
      "yaxis": {
        "align": false,
        "alignLevel": null
      }
    },
    {
      "aliasColors": {},
      "bars": false,
      "dashLength": 10,
      "dashes": false,
      "datasource": "Prometheus",
      "description": "Rule-group evaluations \n - total\n - missed due to slow rule group evaluation\n - skipped due to throttled metric storage",
      "fill": 1,
      "fillGradient": 0,
      "gridPos": {
        "h": 7,
        "w": 12,
        "x": 12,
        "y": 72
      },
      "hiddenSeries": false,
      "id": 31,
      "legend": {
        "avg": false,
        "current": false,
        "max": false,
        "min": false,
        "show": true,
        "total": false,
        "values": false
      },
      "lines": true,
      "linewidth": 1,
      "links": [],
      "nullPointMode": "null",
      "options": {
        "alertThreshold": true
      },
      "percentage": false,
      "pluginVersion": "8.0.6",
      "pointradius": 5,
      "points": false,
      "renderer": "flot",
      "seriesOverrides": [],
      "spaceLength": 10,
      "stack": false,
      "steppedLine": false,
      "targets": [
        {
          "expr": "sum(rate(prometheus_evaluator_iterations_total{job=~\"$job\", instance=~\"$instance\"}[5m]))",
          "format": "time_series",
          "intervalFactor": 2,
          "legendFormat": "Total",
          "refId": "B",
          "step": 4
        },
        {
          "expr": "sum(rate(prometheus_evaluator_iterations_missed_total{job=~\"$job\", instance=~\"$instance\"}[5m]))",
          "format": "time_series",
          "intervalFactor": 2,
          "legendFormat": "Missed",
          "refId": "A",
          "step": 4
        },
        {
          "expr": "sum(rate(prometheus_evaluator_iterations_skipped_total{job=~\"$job\", instance=~\"$instance\"}[5m]))",
          "format": "time_series",
          "intervalFactor": 2,
          "legendFormat": "Skipped",
          "refId": "C",
          "step": 4
        }
      ],
      "thresholds": [],
      "timeFrom": null,
      "timeRegions": [],
      "timeShift": null,
      "title": "Rule Evaluator Iterations",
      "tooltip": {
        "shared": true,
        "sort": 0,
        "value_type": "individual"
      },
      "type": "graph",
      "xaxis": {
        "buckets": null,
        "mode": "time",
        "name": null,
        "show": true,
        "values": []
      },
      "yaxes": [
        {
          "format": "short",
          "label": "iterations",
          "logBase": 1,
          "max": null,
          "min": "0",
          "show": true
        },
        {
          "format": "short",
          "label": null,
          "logBase": 1,
          "max": null,
          "min": null,
          "show": true
        }
      ],
      "yaxis": {
        "align": false,
        "alignLevel": null
      }
    },
    {
      "collapsed": false,
      "datasource": "Prometheus",
      "gridPos": {
        "h": 1,
        "w": 24,
        "x": 0,
        "y": 79
      },
      "id": 43,
      "panels": [],
      "repeat": null,
      "title": "notifications",
      "type": "row"
    },
    {
      "aliasColors": {},
      "bars": false,
      "dashLength": 10,
      "dashes": false,
      "datasource": "Prometheus",
      "fill": 1,
      "fillGradient": 0,
      "gridPos": {
        "h": 7,
        "w": 24,
        "x": 0,
        "y": 80
      },
      "hiddenSeries": false,
      "id": 22,
      "legend": {
        "avg": false,
        "current": false,
        "max": false,
        "min": false,
        "show": true,
        "total": false,
        "values": false
      },
      "lines": true,
      "linewidth": 1,
      "links": [],
      "nullPointMode": "null",
      "options": {
        "alertThreshold": true
      },
      "percentage": false,
      "pluginVersion": "8.0.6",
      "pointradius": 5,
      "points": false,
      "renderer": "flot",
      "seriesOverrides": [],
      "spaceLength": 10,
      "stack": false,
      "steppedLine": false,
      "targets": [
        {
          "expr": "rate(prometheus_notifications_sent_total[5m])",
          "format": "time_series",
          "intervalFactor": 2,
          "legendFormat": "{{instance}}",
          "refId": "A",
          "step": 2
        }
      ],
      "thresholds": [],
      "timeFrom": null,
      "timeRegions": [],
      "timeShift": null,
      "title": "Notifications Sent",
      "tooltip": {
        "shared": true,
        "sort": 0,
        "value_type": "individual"
      },
      "type": "graph",
      "xaxis": {
        "buckets": null,
        "mode": "time",
        "name": null,
        "show": true,
        "values": []
      },
      "yaxes": [
        {
          "format": "short",
          "label": "Notifications",
          "logBase": 1,
          "max": null,
          "min": "0",
          "show": true
        },
        {
          "format": "short",
          "label": null,
          "logBase": 1,
          "max": null,
          "min": null,
          "show": true
        }
      ],
      "yaxis": {
        "align": false,
        "alignLevel": null
      }
    },
    {
      "collapsed": false,
      "datasource": "Prometheus",
      "gridPos": {
        "h": 1,
        "w": 24,
        "x": 0,
        "y": 87
      },
      "id": 44,
      "panels": [],
      "repeat": null,
      "title": "config",
      "type": "row"
    },
    {
      "aliasColors": {},
      "bars": false,
      "dashLength": 10,
      "dashes": false,
      "datasource": "Prometheus",
      "fill": 1,
      "fillGradient": 0,
      "gridPos": {
        "h": 7,
        "w": 12,
        "x": 0,
        "y": 88
      },
      "hiddenSeries": false,
      "id": 23,
      "legend": {
        "avg": false,
        "current": false,
        "max": false,
        "min": false,
        "show": true,
        "total": false,
        "values": false
      },
      "lines": true,
      "linewidth": 1,
      "links": [],
      "nullPointMode": "null",
      "options": {
        "alertThreshold": true
      },
      "percentage": false,
      "pluginVersion": "8.0.6",
      "pointradius": 5,
      "points": false,
      "renderer": "flot",
      "seriesOverrides": [],
      "spaceLength": 10,
      "stack": false,
      "steppedLine": false,
      "targets": [
        {
          "expr": "(time() - prometheus_config_last_reload_success_timestamp_seconds{job=~\"$job\",instance=~\"$instance\"}) / 60",
          "format": "time_series",
          "intervalFactor": 2,
          "legendFormat": "{{instance}}",
          "refId": "A",
          "step": 4
        }
      ],
      "thresholds": [],
      "timeFrom": null,
      "timeRegions": [],
      "timeShift": null,
      "title": "Minutes Since Successful Config Reload",
      "tooltip": {
        "shared": true,
        "sort": 0,
        "value_type": "individual"
      },
      "type": "graph",
      "xaxis": {
        "buckets": null,
        "mode": "time",
        "name": null,
        "show": true,
        "values": []
      },
      "yaxes": [
        {
          "format": "short",
          "label": "Minutes",
          "logBase": 1,
          "max": null,
          "min": "0",
          "show": true
        },
        {
          "format": "short",
          "label": null,
          "logBase": 1,
          "max": null,
          "min": null,
          "show": true
        }
      ],
      "yaxis": {
        "align": false,
        "alignLevel": null
      }
    },
    {
      "aliasColors": {},
      "bars": false,
      "dashLength": 10,
      "dashes": false,
      "datasource": "Prometheus",
      "fill": 1,
      "fillGradient": 0,
      "gridPos": {
        "h": 7,
        "w": 12,
        "x": 12,
        "y": 88
      },
      "hiddenSeries": false,
      "id": 24,
      "legend": {
        "avg": false,
        "current": false,
        "max": false,
        "min": false,
        "show": true,
        "total": false,
        "values": false
      },
      "lines": true,
      "linewidth": 1,
      "links": [],
      "nullPointMode": "null",
      "options": {
        "alertThreshold": true
      },
      "percentage": false,
      "pluginVersion": "8.0.6",
      "pointradius": 5,
      "points": false,
      "renderer": "flot",
      "seriesOverrides": [],
      "spaceLength": 10,
      "stack": false,
      "steppedLine": false,
      "targets": [
        {
          "expr": "prometheus_config_last_reload_successful{job=~\"$job\",instance=~\"$instance\"}",
          "format": "time_series",
          "intervalFactor": 2,
          "legendFormat": "{{instance}}",
          "refId": "A",
          "step": 4
        }
      ],
      "thresholds": [],
      "timeFrom": null,
      "timeRegions": [],
      "timeShift": null,
      "title": "Successful Config Reload",
      "tooltip": {
        "shared": true,
        "sort": 0,
        "value_type": "individual"
      },
      "type": "graph",
      "xaxis": {
        "buckets": null,
        "mode": "time",
        "name": null,
        "show": true,
        "values": []
      },
      "yaxes": [
        {
          "decimals": 0,
          "format": "short",
          "label": "Success",
          "logBase": 1,
          "max": "1",
          "min": "0",
          "show": true
        },
        {
          "format": "short",
          "label": null,
          "logBase": 1,
          "max": null,
          "min": null,
          "show": true
        }
      ],
      "yaxis": {
        "align": false,
        "alignLevel": null
      }
    },
    {
      "collapsed": false,
      "datasource": "Prometheus",
      "gridPos": {
        "h": 1,
        "w": 24,
        "x": 0,
        "y": 95
      },
      "id": 45,
      "panels": [],
      "repeat": null,
      "title": "garbage collection",
      "type": "row"
    },
    {
      "aliasColors": {},
      "bars": false,
      "dashLength": 10,
      "dashes": false,
      "datasource": "Prometheus",
      "description": "GC invocation durations",
      "fill": 1,
      "fillGradient": 0,
      "gridPos": {
        "h": 7,
        "w": 24,
        "x": 0,
        "y": 96
      },
      "hiddenSeries": false,
      "id": 28,
      "legend": {
        "avg": false,
        "current": false,
        "max": false,
        "min": false,
        "show": true,
        "total": false,
        "values": false
      },
      "lines": true,
      "linewidth": 1,
      "links": [],
      "nullPointMode": "null",
      "options": {
        "alertThreshold": true
      },
      "percentage": false,
      "pluginVersion": "8.0.6",
      "pointradius": 5,
      "points": false,
      "renderer": "flot",
      "seriesOverrides": [],
      "spaceLength": 10,
      "stack": false,
      "steppedLine": false,
      "targets": [
        {
          "expr": "sum(rate(go_gc_duration_seconds_sum{instance=~\"$instance\",job=~\"$job\"}[2m])) by (instance)",
          "format": "time_series",
          "intervalFactor": 2,
          "legendFormat": "{{instance}}",
          "refId": "A",
          "step": 2
        }
      ],
      "thresholds": [],
      "timeFrom": null,
      "timeRegions": [],
      "timeShift": null,
      "title": "GC Rate / 2m",
      "tooltip": {
        "shared": true,
        "sort": 0,
        "value_type": "individual"
      },
      "type": "graph",
      "xaxis": {
        "buckets": null,
        "mode": "time",
        "name": null,
        "show": true,
        "values": []
      },
      "yaxes": [
        {
          "format": "short",
          "label": null,
          "logBase": 1,
          "max": null,
          "min": null,
          "show": true
        },
        {
          "format": "short",
          "label": null,
          "logBase": 1,
          "max": null,
          "min": null,
          "show": true
        }
      ],
      "yaxis": {
        "align": false,
        "alignLevel": null
      }
    },
    {
      "collapsed": true,
      "datasource": "Prometheus",
      "gridPos": {
        "h": 1,
        "w": 24,
        "x": 0,
        "y": 103
      },
      "id": 46,
      "panels": [
        {
          "aliasColors": {},
          "bars": false,
          "dashLength": 10,
          "dashes": false,
          "datasource": "Prometheus",
          "description": "This is probably wrong!  Please help.",
          "fill": 1,
          "gridPos": {
            "h": 7,
            "w": 12,
            "x": 0,
            "y": 104
          },
          "id": 26,
          "legend": {
            "avg": false,
            "current": false,
            "max": false,
            "min": false,
            "show": true,
            "total": false,
            "values": false
          },
          "lines": true,
          "linewidth": 1,
          "links": [],
          "nullPointMode": "null",
          "percentage": false,
          "pointradius": 5,
          "points": false,
          "renderer": "flot",
          "seriesOverrides": [
            {
              "alias": "allocated",
              "stack": false
            }
          ],
          "spaceLength": 10,
          "stack": true,
          "steppedLine": false,
          "targets": [
            {
              "expr": "sum(go_memstats_alloc_bytes_total{job=~\"$job\", instance=~\"$instance\"})",
              "format": "time_series",
              "hide": true,
              "intervalFactor": 2,
              "legendFormat": "alloc_bytes_total",
              "refId": "A",
              "step": 10
            },
            {
              "expr": "sum(go_memstats_alloc_bytes{job=~\"$job\", instance=~\"$instance\"})",
              "format": "time_series",
              "hide": false,
              "intervalFactor": 2,
              "legendFormat": "allocated",
              "refId": "B",
              "step": 10
            },
            {
              "expr": "sum(go_memstats_buck_hash_sys_bytes{job=~\"$job\", instance=~\"$instance\"})",
              "format": "time_series",
              "intervalFactor": 2,
              "legendFormat": "profiling bucket hash table",
              "refId": "C",
              "step": 10
            },
            {
              "expr": "sum(go_memstats_gc_sys_bytes{job=~\"$job\", instance=~\"$instance\"})",
              "format": "time_series",
              "intervalFactor": 2,
              "legendFormat": "GC metadata",
              "refId": "D",
              "step": 10
            },
            {
              "expr": "sum(go_memstats_heap_alloc_bytes{job=~\"$job\", instance=~\"$instance\"})",
              "format": "time_series",
              "intervalFactor": 2,
              "legendFormat": "heap in-use",
              "refId": "E",
              "step": 10
            },
            {
              "expr": "sum(go_memstats_heap_idle_bytes{job=~\"$job\", instance=~\"$instance\"})",
              "format": "time_series",
              "intervalFactor": 2,
              "legendFormat": "heap idle",
              "refId": "F",
              "step": 10
            },
            {
              "expr": "sum(go_memstats_heap_inuse_bytes{job=~\"$job\", instance=~\"$instance\"})",
              "format": "time_series",
              "intervalFactor": 2,
              "legendFormat": "heap in use",
              "refId": "G",
              "step": 10
            },
            {
              "expr": "sum(go_memstats_heap_released_bytes{job=~\"$job\", instance=~\"$instance\"})",
              "format": "time_series",
              "intervalFactor": 2,
              "legendFormat": "heap released",
              "refId": "H",
              "step": 10
            },
            {
              "expr": "sum(go_memstats_heap_sys_bytes{job=~\"$job\", instance=~\"$instance\"})",
              "format": "time_series",
              "intervalFactor": 2,
              "legendFormat": "heap system",
              "refId": "I",
              "step": 10
            },
            {
              "expr": "sum(go_memstats_mcache_inuse_bytes{job=~\"$job\", instance=~\"$instance\"})",
              "format": "time_series",
              "intervalFactor": 2,
              "legendFormat": "mcache in use",
              "refId": "J",
              "step": 10
            },
            {
              "expr": "sum(go_memstats_mcache_sys_bytes{job=~\"$job\", instance=~\"$instance\"})",
              "format": "time_series",
              "intervalFactor": 2,
              "legendFormat": "mcache sys",
              "refId": "K",
              "step": 10
            },
            {
              "expr": "sum(go_memstats_mspan_inuse_bytes{job=~\"$job\", instance=~\"$instance\"})",
              "format": "time_series",
              "intervalFactor": 2,
              "legendFormat": "mspan in use",
              "refId": "L",
              "step": 10
            },
            {
              "expr": "sum(go_memstats_mspan_sys_bytes{job=~\"$job\", instance=~\"$instance\"})",
              "format": "time_series",
              "intervalFactor": 2,
              "legendFormat": "mspan sys",
              "refId": "M",
              "step": 10
            },
            {
              "expr": "sum(go_memstats_next_gc_bytes{job=~\"$job\", instance=~\"$instance\"})",
              "format": "time_series",
              "intervalFactor": 2,
              "legendFormat": "heap next gc",
              "refId": "N",
              "step": 10
            },
            {
              "expr": "sum(go_memstats_other_sys_bytes{job=~\"$job\", instance=~\"$instance\"})",
              "format": "time_series",
              "intervalFactor": 2,
              "legendFormat": "other sys",
              "refId": "O",
              "step": 10
            },
            {
              "expr": "sum(go_memstats_stack_inuse_bytes{job=~\"$job\", instance=~\"$instance\"})",
              "format": "time_series",
              "intervalFactor": 2,
              "legendFormat": "stack in use",
              "refId": "P",
              "step": 10
            },
            {
              "expr": "sum(go_memstats_stack_sys_bytes{job=~\"$job\", instance=~\"$instance\"})",
              "format": "time_series",
              "intervalFactor": 2,
              "legendFormat": "stack sys",
              "refId": "Q",
              "step": 10
            },
            {
              "expr": "sum(go_memstats_sys_bytes{job=~\"$job\", instance=~\"$instance\"})",
              "format": "time_series",
              "intervalFactor": 2,
              "legendFormat": "sys",
              "refId": "R",
              "step": 10
            }
          ],
          "thresholds": [],
          "timeFrom": null,
          "timeShift": null,
          "title": "Go Memory Usage (FIXME)",
          "tooltip": {
            "shared": true,
            "sort": 0,
            "value_type": "individual"
          },
          "type": "graph",
          "xaxis": {
            "buckets": null,
            "mode": "time",
            "name": null,
            "show": true,
            "values": []
          },
          "yaxes": [
            {
              "format": "bytes",
              "label": null,
              "logBase": 1,
              "max": null,
              "min": "0",
              "show": true
            },
            {
              "format": "short",
              "label": null,
              "logBase": 1,
              "max": null,
              "min": null,
              "show": true
            }
          ]
        },
        {
          "aliasColors": {},
          "bars": false,
          "dashLength": 10,
          "dashes": false,
          "datasource": "Prometheus",
          "fill": 1,
          "gridPos": {
            "h": 7,
            "w": 6,
            "x": 12,
            "y": 104
          },
          "id": 9,
          "legend": {
            "avg": false,
            "current": false,
            "max": false,
            "min": false,
            "show": true,
            "total": false,
            "values": false
          },
          "lines": true,
          "linewidth": 1,
          "links": [],
          "nullPointMode": "null",
          "percentage": false,
          "pointradius": 5,
          "points": false,
          "renderer": "flot",
          "seriesOverrides": [],
          "spaceLength": 10,
          "stack": false,
          "steppedLine": false,
          "targets": [
            {
              "expr": "prometheus_target_interval_length_seconds{instance=~\"$instance\", job=~\"$job\"}",
              "format": "time_series",
              "intervalFactor": 2,
              "legendFormat": "{{quantile}} {{interval}}",
              "refId": "A",
              "step": 20
            }
          ],
          "thresholds": [],
          "timeFrom": null,
          "timeShift": null,
          "title": "Scrape Duration",
          "tooltip": {
            "shared": true,
            "sort": 0,
            "value_type": "individual"
          },
          "type": "graph",
          "xaxis": {
            "buckets": null,
            "mode": "time",
            "name": null,
            "show": true,
            "values": []
          },
          "yaxes": [
            {
              "format": "short",
              "label": "Seconds",
              "logBase": 1,
              "max": null,
              "min": "0",
              "show": true
            },
            {
              "format": "short",
              "label": null,
              "logBase": 1,
              "max": null,
              "min": null,
              "show": true
            }
          ]
        },
        {
          "aliasColors": {},
          "bars": false,
          "dashLength": 10,
          "dashes": false,
          "datasource": "Prometheus",
          "fill": 1,
          "gridPos": {
            "h": 7,
            "w": 6,
            "x": 18,
            "y": 104
          },
          "id": 7,
          "legend": {
            "avg": false,
            "current": false,
            "max": false,
            "min": false,
            "show": true,
            "total": false,
            "values": false
          },
          "lines": true,
          "linewidth": 1,
          "links": [],
          "nullPointMode": "null",
          "percentage": false,
          "pointradius": 5,
          "points": false,
          "renderer": "flot",
          "seriesOverrides": [],
          "spaceLength": 10,
          "stack": false,
          "steppedLine": false,
          "targets": [
            {
              "expr": "sum(rate(prometheus_target_interval_length_seconds_count{job=~\"$job\",instance=~\"$instance\"}[5m])) by (interval)",
              "format": "time_series",
              "intervalFactor": 2,
              "legendFormat": "{{interval}}",
              "refId": "A",
              "step": 20
            }
          ],
          "thresholds": [],
          "timeFrom": null,
          "timeShift": null,
          "title": "Target Scrapes / 5m",
          "tooltip": {
            "shared": true,
            "sort": 0,
            "value_type": "individual"
          },
          "type": "graph",
          "xaxis": {
            "buckets": null,
            "mode": "time",
            "name": null,
            "show": true,
            "values": []
          },
          "yaxes": [
            {
              "format": "short",
              "label": "Scrapes",
              "logBase": 1,
              "max": null,
              "min": "0",
              "show": true
            },
            {
              "format": "short",
              "label": null,
              "logBase": 1,
              "max": null,
              "min": null,
              "show": true
            }
          ]
        }
      ],
      "repeat": null,
      "title": "Broken, ignore",
      "type": "row"
    }
  ],
  "refresh": "30s",
  "schemaVersion": 30,
  "style": "dark",
  "tags": [],
  "templating": {
    "list": [
      {
        "allValue": null,
        "datasource": "Prometheus",
        "definition": "",
        "description": null,
        "error": null,
        "hide": 2,
        "includeAll": false,
        "label": null,
        "multi": false,
        "name": "job",
        "options": [],
        "query": {
          "query": "query_result(prometheus_tsdb_head_samples_appended_total)",
          "refId": "Prometheus-job-Variable-Query"
        },
        "refresh": 1,
        "regex": "/.*job=\"([^\"]+)/",
        "skipUrlSync": false,
        "sort": 1,
        "tagValuesQuery": "",
        "tagsQuery": "",
        "type": "query",
        "useTags": false
      },
      {
        "allValue": null,
        "datasource": "Prometheus",
        "definition": "query_result(up{job=~\"$job\"})",
        "description": null,
        "error": null,
        "hide": 0,
        "includeAll": true,
        "label": "Monitoring Instances",
        "multi": true,
        "name": "instance",
        "options": [],
        "query": {
          "query": "query_result(up{job=~\"$job\"})",
          "refId": "StandardVariableQuery"
        },
        "refresh": 1,
        "regex": "/.*instance=\"([^\"]+).*/",
        "skipUrlSync": false,
        "sort": 1,
        "tagValuesQuery": "",
        "tagsQuery": "",
        "type": "query",
        "useTags": false
      }
    ]
  },
  "time": {
    "from": "now-5m",
    "to": "now"
  },
  "timepicker": {
    "refresh_intervals": [
	  "30s",
      "1m",
      "5m",
      "15m",
      "30m",
      "1h",
      "4h",
      "12h",
      "1d",
      "2d",
      "7d"
    ],
    "time_options": [
	  "30s",
      "1m",
      "5m",
      "15m",
      "1h",
      "6h",
      "12h",
      "24h",
      "2d",
      "7d",
      "30d"
    ]
  },
  "timezone": "browser",
  "title": "Prometheus self monitoring dashboard",
  "uid": "EH6u5DW7k",
  "version": 2
}